time,rx_packets,rx_bytes,tx_packets,tx_bytes,bytes,packets,drops,overlimits,BACKLOG
0.0,0,0,0,0,0,17682,227,0,0
0.05736088752746582,0,0,0,0,0,17682,227,0,0
0.11483597755432129,0,0,0,0,0,17682,227,0,0
0.16916179656982422,0,0,0,0,0,17682,227,0,0
0.22112584114074707,0,0,0,0,0,17682,227,0,0
0.2732868194580078,0,0,0,0,0,17682,227,0,0
0.32590484619140625,0,0,0,0,0,17682,227,0,0
0.38085389137268066,0,0,0,0,0,17682,227,0,0
0.4380958080291748,0,0,0,0,0,17682,227,0,0
0.4922199249267578,0,0,0,0,0,17682,227,0,0
0.5467009544372559,0,0,0,0,0,17682,227,0,0
0.6012668609619141,0,0,0,0,0,17682,227,0,0
0.6532509326934814,24,46468,3,126,0,17808,230,0,0
0.7056539058685303,58,235508,0,0,0,17808,230,0,0
0.7580177783966064,36,315144,0,0,0,17808,230,0,0
0.8135378360748291,39,302310,0,0,0,17808,230,0,0
0.8660838603973389,43,312710,0,0,0,17808,230,0,0
0.9185268878936768,38,321068,0,0,0,17808,230,0,0
0.9709498882293701,35,312182,0,0,0,17808,230,0,0
1.0236737728118896,39,270454,0,0,0,17808,230,0,0
1.076185941696167,31,358254,0,0,0,17808,230,0,0
1.1290109157562256,38,312380,0,0,0,17808,230,0,0
1.1816208362579346,40,189432,0,0,0,17808,230,0,0
1.2445778846740723,53,87482,0,0,0,17808,230,0,0
1.2969319820404053,58,95052,1,70,0,17878,231,0,0
1.3497068881988525,81,239922,0,0,0,17878,231,0,0
1.4019908905029297,89,279546,0,0,0,17878,231,0,0
1.4545037746429443,74,161268,0,0,0,17878,231,0,0
1.5072638988494873,65,179498,0,0,0,17878,231,0,0
1.5612788200378418,71,172654,0,0,0,17878,231,0,0
1.6142728328704834,59,140006,0,0,0,17878,231,0,0
1.6670668125152588,53,84586,0,0,0,17878,231,0,0
1.7198779582977295,117,266914,0,0,0,17878,231,0,0
1.771697998046875,96,156928,0,0,0,17878,231,0,0
1.8252699375152588,111,191222,0,0,0,17878,231,0,0
1.877924919128418,106,208268,0,0,0,17878,231,0,0
1.9333608150482178,28,87280,0,0,0,17878,231,0,0
1.9862208366394043,0,0,0,0,0,17878,231,0,0
2.039937973022461,0,0,0,0,0,17878,231,0,0
2.0928378105163574,6,27908,0,0,0,17878,231,0,0
2.1456217765808105,63,121446,0,0,0,17878,231,0,0
2.1981618404388428,46,156524,0,0,0,17878,231,0,0
2.2509188652038574,37,183442,0,0,0,17878,231,0,0
2.305527925491333,34,162972,0,0,0,17878,231,0,0
2.359895944595337,38,182060,0,0,0,17878,231,0,0
2.4122469425201416,38,169028,0,0,0,17878,231,0,0
2.4650168418884277,37,203714,0,0,0,17878,231,0,0
2.5175058841705322,34,167316,0,0,0,17878,231,0,0
2.5702028274536133,34,152836,0,0,0,17878,231,0,0
2.622750997543335,39,177782,0,0,0,17878,231,0,0
2.674970865249634,36,152968,0,0,0,17878,231,0,0
2.729604959487915,36,164552,0,0,0,17878,231,0,0
2.7823469638824463,36,174688,0,0,0,17878,231,0,0
2.835561990737915,37,160274,0,0,0,17878,231,0,0
2.8880598545074463,32,171528,0,0,0,17878,231,0,0
2.9406960010528564,32,168632,0,0,0,17878,231,0,0
2.9939188957214355,30,161260,0,0,0,17878,231,0,0
3.0481297969818115,29,161194,0,0,0,17878,231,0,0
3.1029839515686035,31,201870,0,0,0,17878,231,0,0
3.1555118560791016,29,162642,0,0,0,17878,231,0,0
3.2081298828125,35,165934,0,0,0,17878,231,0,0
3.260244846343994,33,152770,0,0,0,17878,231,0,0
3.3126168251037598,33,164354,0,0,0,17878,231,0,0
3.3665077686309814,32,170080,1,70,0,17948,232,0,0
3.419642925262451,28,156784,0,0,0,17948,232,0,0
3.473256826400757,34,165868,0,0,0,17948,232,0,0
3.526479959487915,31,168566,0,0,0,17948,232,0,0
3.5790328979492188,28,146648,0,0,0,17948,232,0,0
3.631711959838867,32,180216,0,0,0,17948,232,0,0
3.6848697662353516,35,189102,0,0,0,17948,232,0,0
3.7378079891204834,29,149610,0,0,0,17948,232,0,0
3.7902419567108154,33,177386,0,0,0,17948,232,0,0
3.843284845352173,30,148228,0,0,0,17948,232,0,0
3.8979759216308594,34,181796,0,0,0,17948,232,0,0
3.950594902038574,30,152572,0,0,0,17948,232,0,0
4.003077983856201,32,178768,0,0,0,17948,232,0,0
4.055708885192871,25,149346,0,0,0,17948,232,0,0
4.107762813568115,35,190550,0,0,0,17948,232,0,0
4.160259962081909,30,155468,0,0,0,17948,232,0,0
4.213238954544067,29,162642,0,0,0,17948,232,0,0
4.26713490486145,32,175872,0,0,0,17948,232,0,0
4.319527864456177,29,148162,0,0,0,17948,232,0,0
4.371646881103516,36,179032,0,0,0,17948,232,0,0
4.424249887466431,30,154020,0,0,0,17948,232,0,0
4.477275848388672,31,155534,0,0,0,17948,232,0,0
4.529780864715576,31,171462,0,0,0,17948,232,0,0
4.582571983337402,31,155534,0,0,0,17948,232,0,0
4.636959791183472,31,178702,0,0,0,17948,232,0,0
4.689201831817627,32,177320,0,0,0,17948,232,0,0
4.742524862289429,31,152638,0,0,0,17948,232,0,0
4.7956647872924805,31,175806,0,0,0,17948,232,0,0
4.848183870315552,32,157048,0,0,0,17948,232,0,0
4.900940895080566,28,177056,0,0,0,17948,232,0,0
4.9539618492126465,31,167118,0,0,0,17948,232,0,0
5.008713960647583,29,156850,0,0,0,17948,232,0,0
5.061550855636597,30,161260,0,0,0,17948,232,0,0
5.1142778396606445,32,174424,0,0,0,17948,232,0,0
5.16681981086731,32,159944,0,0,0,17948,232,0,0
5.21955680847168,34,160076,0,0,0,17948,232,0,0
5.271929979324341,35,167382,0,0,0,17948,232,0,0
5.325122833251953,31,152638,0,0,0,17948,232,0,0
5.38047981262207,30,169948,1,70,0,18018,233,0,0
5.435356855392456,31,191734,0,0,0,18018,233,0,0
5.487765789031982,30,155468,0,0,0,18018,233,0,0
5.540193796157837,30,164156,0,0,0,18018,233,0,0
5.592761993408203,33,165802,0,0,0,18018,233,0,0
5.645457983016968,30,152572,0,0,0,18018,233,0,0
5.698119878768921,31,174358,0,0,0,18018,233,0,0
5.750460863113403,31,168566,0,0,0,18018,233,0,0
5.804003953933716,28,166920,0,0,0,18018,233,0,0
5.856139898300171,31,167118,0,0,0,18018,233,0,0
5.90882682800293,34,158628,0,0,0,18018,233,0,0
5.962076902389526,32,177320,0,0,0,18018,233,0,0
6.016002893447876,35,170278,0,0,0,18018,233,0,0
6.069252967834473,38,200884,0,0,0,18018,233,0,0
6.121892929077148,29,148162,0,0,0,18018,233,0,0
6.1762988567352295,28,156784,0,0,0,18018,233,0,0
6.228937864303589,32,174424,0,0,0,18018,233,0,0
6.281874895095825,30,185876,0,0,0,18018,233,0,0
6.334799766540527,33,165802,0,0,0,18018,233,0,0
6.387772798538208,30,151124,0,0,0,18018,233,0,0
6.44146990776062,34,200620,0,0,0,18018,233,0,0
6.49400782585144,29,149610,0,0,0,18018,233,0,0
6.547851800918579,32,174424,0,0,0,18018,233,0,0
6.6086108684539795,36,160208,0,0,0,18018,233,0,0
6.660310983657837,38,247220,0,0,0,18018,233,0,0
6.712630987167358,33,174490,0,0,0,18018,233,0,0
6.76535177230835,35,180414,0,0,0,18018,233,0,0
6.818001985549927,30,158364,0,0,0,18018,233,0,0
6.87050199508667,31,154086,0,0,0,18018,233,0,0
6.92427396774292,34,165868,0,0,0,18018,233,0,0
6.977235794067383,27,168302,0,0,0,18018,233,0,0
7.030054807662964,31,165670,0,0,0,18018,233,0,0
7.082964897155762,34,184692,0,0,0,18018,233,0,0
7.135785818099976,32,175872,0,0,0,18018,233,0,0
7.188371896743774,31,172910,0,0,0,18018,233,0,0
7.241305828094482,33,160010,0,0,0,18018,233,0,0
7.294356822967529,31,159878,0,0,0,18018,233,0,0
7.346415996551514,32,152704,0,0,0,18018,233,0,0
7.398632764816284,28,165472,0,0,0,18018,233,0,0
7.451734781265259,35,181862,1,70,0,18088,234,0,0
7.504482984542847,32,158496,0,0,0,18088,234,0,0
7.5569939613342285,29,177122,0,0,0,18088,234,0,0
7.609226942062378,28,150992,0,0,0,18088,234,0,0
7.662937879562378,30,152572,0,0,0,18088,234,0,0
7.715650796890259,33,161458,0,0,0,18088,234,0,0
7.767842769622803,30,171396,0,0,0,18088,234,0,0
7.820250988006592,34,168764,0,0,0,18088,234,0,0
7.872594833374023,27,145134,0,0,0,18088,234,0,0
7.925177812576294,34,162972,0,0,0,18088,234,0,0
7.977932929992676,29,164090,0,0,0,18088,234,0,0
8.030892848968506,32,152704,0,0,0,18088,234,0,0
8.084521770477295,33,190418,0,0,0,18088,234,0,0
8.136789798736572,31,155534,0,0,0,18088,234,0,0
8.188997983932495,34,164420,0,0,0,18088,234,0,0
8.24158787727356,32,161392,0,0,0,18088,234,0,0
8.29456877708435,33,168698,0,0,0,18088,234,0,0
8.347372770309448,35,167382,0,0,0,18088,234,0,0
8.399948835372925,33,149874,0,0,0,18088,234,0,0
8.453780889511108,31,162774,0,0,0,18088,234,0,0
8.506925821304321,35,177518,0,0,0,18088,234,0,0
8.559311866760254,33,178834,0,0,0,18088,234,0,0
8.611949920654297,34,168764,0,0,0,18088,234,0,0
8.66495680809021,32,171528,0,0,0,18088,234,0,0
8.718291997909546,32,164288,0,0,0,18088,234,0,0
8.77173399925232,32,174424,0,0,0,18088,234,0,0
8.82602596282959,35,164486,0,0,0,18088,234,0,0
8.878578901290894,29,155402,0,0,0,18088,234,0,0
8.931384801864624,33,162906,0,0,0,18088,234,0,0
8.983481884002686,30,158364,0,0,0,18088,234,0,0
9.036101818084717,32,181664,0,0,0,18088,234,0,0
9.089534997940063,28,168368,0,0,0,18088,234,0,0
9.142428874969482,33,170146,0,0,0,18088,234,0,0
9.195543766021729,34,161524,0,0,0,18088,234,0,0
9.250917911529541,32,171528,0,0,0,18088,234,0,0
9.303236961364746,33,162906,0,0,0,18088,234,0,0
9.355670928955078,29,148162,0,0,0,18088,234,0,0
9.408275842666626,34,155732,0,0,0,18088,234,0,0
9.461028814315796,35,167382,0,0,0,18088,234,0,0
9.513924837112427,32,161392,1,70,0,18158,235,0,0
9.56643795967102,32,164288,0,0,0,18158,235,0,0
9.621754884719849,32,187456,0,0,0,18158,235,0,0
9.67435598373413,31,171462,0,0,0,18158,235,0,0
9.727033853530884,33,168698,0,0,0,18158,235,0,0
9.779451847076416,29,158298,0,0,0,18158,235,0,0
9.832820892333984,32,186008,0,0,0,18158,235,0,0
9.885624885559082,30,172844,0,0,0,18158,235,0,0
9.93764591217041,29,171330,0,0,0,18158,235,0,0
9.990201950073242,33,165802,0,0,0,18158,235,0,0
10.043027877807617,32,162840,0,0,0,18158,235,0,0
10.095162868499756,30,154020,0,0,0,18158,235,0,0
10.148416996002197,31,161326,0,0,0,18158,235,0,0
10.201036930084229,31,183046,0,0,0,18158,235,0,0
10.253445863723755,35,164486,0,0,0,18158,235,0,0
10.305874824523926,29,166986,0,0,0,18158,235,0,0
10.3593909740448,31,156982,0,0,0,18158,235,0,0
10.41158390045166,31,167118,0,0,0,18158,235,0,0
10.464393854141235,33,170146,0,0,0,18158,235,0,0
10.517033815383911,31,197526,0,0,0,18158,235,0,0
10.569188833236694,31,185942,0,0,0,18158,235,0,0
10.621105909347534,33,180282,0,0,0,18158,235,0,0
10.673065900802612,32,194696,0,0,0,18158,235,0,0
10.72709584236145,32,167184,0,0,0,18158,235,0,0
10.780632972717285,34,168764,0,0,0,18158,235,0,0
10.833443880081177,29,172778,0,0,0,18158,235,0,0
10.886177778244019,33,149874,0,0,0,18158,235,0,0
10.93866491317749,31,174358,0,0,0,18158,235,0,0
10.991947889328003,32,161392,0,0,0,18158,235,0,0
11.044607877731323,38,183508,0,0,0,18158,235,0,0
11.096756935119629,29,149610,0,0,0,18158,235,0,0
11.151075839996338,31,167118,0,0,0,18158,235,0,0
11.20350980758667,33,180282,0,0,0,18158,235,0,0
11.256257772445679,35,170278,0,0,0,18158,235,0,0
11.30852198600769,30,149676,0,0,0,18158,235,0,0
11.360540866851807,31,159878,0,0,0,18158,235,0,0
11.413559913635254,34,157180,0,0,0,18158,235,0,0
11.466368913650513,30,165604,0,0,0,18158,235,0,0
11.519865989685059,32,161392,6,420,0,18578,241,0,0
11.572772979736328,33,171594,0,0,0,18578,241,0,0
11.62559986114502,29,140922,0,0,0,18578,241,0,0
11.678483963012695,33,186074,0,0,0,18578,241,0,0
11.731092929840088,28,156784,0,0,0,18578,241,0,0
11.783607959747314,34,173108,0,0,0,18578,241,0,0
11.835856914520264,31,158430,0,0,0,18578,241,0,0
11.889274835586548,35,193446,0,0,0,18578,241,0,0
11.948787927627563,28,150992,0,0,0,18578,241,0,0
12.00105595588684,36,179032,0,0,0,18578,241,0,0
12.05382490158081,35,161590,0,0,0,18578,241,0,0
12.105772972106934,35,177518,0,0,0,18578,241,0,0
12.157894849777222,30,167052,0,0,0,18578,241,0,0
12.209863901138306,30,168500,0,0,0,18578,241,0,0
12.263349771499634,31,178702,0,0,0,18578,241,0,0
12.3156259059906,29,155402,0,0,0,18578,241,0,0
12.367758989334106,34,157180,0,0,0,18578,241,0,0
12.419663906097412,33,171594,0,0,0,18578,241,0,0
12.472131967544556,32,172976,0,0,0,18578,241,0,0
12.5243239402771,29,161194,0,0,0,18578,241,0,0
12.5762779712677,32,171528,0,0,0,18578,241,0,0
12.62992787361145,29,161194,0,0,0,18578,241,0,0
12.68307089805603,28,168368,0,0,0,18578,241,0,0
12.736180782318115,29,165538,0,0,0,18578,241,0,0
12.788617849349976,34,168764,0,0,0,18578,241,0,0
12.841113805770874,27,162510,0,0,0,18578,241,0,0
12.89351487159729,34,158628,0,0,0,18578,241,0,0
12.945658922195435,29,159746,0,0,0,18578,241,0,0
12.998450994491577,30,161260,0,0,0,18578,241,0,0
13.050848960876465,35,174622,0,0,0,18578,241,0,0
13.103185892105103,32,175872,0,0,0,18578,241,0,0
13.155669927597046,29,149610,0,0,0,18578,241,0,0
13.208546876907349,30,180084,0,0,0,18578,241,0,0
13.261169910430908,29,164090,0,0,0,18578,241,0,0
13.313485860824585,31,165670,0,0,0,18578,241,0,0
13.366318941116333,28,153888,0,0,0,18578,241,0,0
13.420542001724243,34,178900,0,0,0,18578,241,0,0
13.472980976104736,32,165736,0,0,0,18578,241,0,0
13.525269985198975,32,148360,0,0,0,18578,241,0,0
13.577723979949951,30,169948,1,70,0,18648,242,0,0
13.630422830581665,33,152770,0,0,0,18648,242,0,0
13.683188915252686,32,165736,0,0,0,18648,242,0,0
13.736302852630615,30,162708,0,0,0,18648,242,0,0
13.790165901184082,32,180216,0,0,0,18648,242,0,0
13.842399835586548,31,164222,0,0,0,18648,242,0,0
13.896329879760742,32,161392,0,0,0,18648,242,0,0
13.950012922286987,33,187522,0,0,0,18648,242,0,0
14.002951860427856,35,180414,0,0,0,18648,242,0,0
14.055707931518555,31,159878,0,0,0,18648,242,0,0
14.108099937438965,31,164222,0,0,0,18648,242,0,0
14.162592887878418,31,168566,0,0,0,18648,242,0,0
14.215458869934082,35,174622,0,0,0,18648,242,0,0
14.267865896224976,28,139408,0,0,0,18648,242,0,0
14.320241928100586,30,188772,0,0,0,18648,242,0,0
14.372954845428467,31,164222,0,0,0,18648,242,0,0
14.426097869873047,35,181862,0,0,0,18648,242,0,0
14.478441953659058,30,148228,0,0,0,18648,242,0,0
14.532342910766602,34,168764,0,0,0,18648,242,0,0
14.584744930267334,29,153954,0,0,0,18648,242,0,0
14.637680768966675,35,180414,0,0,0,18648,242,0,0
14.690483808517456,29,172778,0,0,0,18648,242,0,0
14.74356985092163,33,202002,0,0,0,18648,242,0,0
14.796856880187988,32,178768,0,0,0,18648,242,0,0
14.851064920425415,34,173108,0,0,0,18648,242,0,0
14.90537691116333,32,162840,0,0,0,18648,242,0,0
14.958301782608032,34,157180,0,0,0,18648,242,0,0
15.013431787490845,31,162774,0,0,0,18648,242,0,0
15.066194772720337,33,190418,0,0,0,18648,242,0,0
15.118491888046265,33,175938,0,0,0,18648,242,0,0
15.171142816543579,26,147964,0,0,0,18648,242,0,0
15.223713874816895,31,181598,0,0,0,18648,242,0,0
15.275660991668701,30,167052,0,0,0,18648,242,0,0
15.329033851623535,32,159944,0,0,0,18648,242,0,0
15.381351947784424,31,151190,0,0,0,18648,242,0,0
15.433680772781372,33,165802,0,0,0,18648,242,0,0
15.486039876937866,32,148360,0,0,0,18648,242,0,0
15.538617849349976,32,188904,0,0,0,18648,242,0,0
15.590701818466187,30,178636,0,0,0,18648,242,0,0
15.64288878440857,30,167052,0,0,0,18648,242,0,0
15.696146965026855,31,165670,0,0,0,18648,242,0,0
15.748633861541748,30,172844,0,0,0,18648,242,0,0
15.801718950271606,29,156850,0,0,0,18648,242,0,0
15.854925870895386,28,150992,0,0,0,18648,242,0,0
15.907941818237305,34,178900,0,0,0,18648,242,0,0
15.96047592163086,31,159878,0,0,0,18648,242,0,0
16.01312780380249,29,156850,0,0,0,18648,242,0,0
16.067447900772095,34,178900,0,0,0,18648,242,0,0
16.12005376815796,32,180216,0,0,0,18648,242,0,0
16.172510862350464,29,158298,0,0,0,18648,242,0,0
16.224702835083008,36,168896,0,0,0,18648,242,0,0
16.277230978012085,32,161392,0,0,0,18648,242,0,0
16.330068826675415,31,156982,0,0,0,18648,242,0,0
16.382791996002197,33,167250,0,0,0,18648,242,0,0
16.435117959976196,33,165802,0,0,0,18648,242,0,0
16.48937678337097,33,175938,0,0,0,18648,242,0,0
16.541881799697876,31,174358,0,0,0,18648,242,0,0
16.59455680847168,32,167184,0,0,0,18648,242,0,0
16.647594928741455,27,163958,0,0,0,18648,242,0,0
16.700142860412598,30,177188,0,0,0,18648,242,0,0
16.752731800079346,29,149610,0,0,0,18648,242,0,0
16.805656909942627,31,172910,0,0,0,18648,242,0,0
16.85929799079895,32,162840,0,0,0,18648,242,0,0
16.91204595565796,32,168632,0,0,0,18648,242,0,0
16.96458888053894,31,151190,0,0,0,18648,242,0,0
17.0172917842865,31,161326,0,0,0,18648,242,0,0
17.069516897201538,30,168500,0,0,0,18648,242,0,0
17.12183380126953,33,171594,0,0,0,18648,242,0,0
17.174020767211914,34,171660,0,0,0,18648,242,0,0
17.227173805236816,29,159746,0,0,0,18648,242,0,0
17.279876947402954,32,165736,0,0,0,18648,242,0,0
17.33258581161499,33,170146,0,0,0,18648,242,0,0
17.384543895721436,33,161458,0,0,0,18648,242,0,0
17.436956882476807,30,161260,0,0,0,18648,242,0,0
17.490165948867798,34,197724,0,0,0,18648,242,0,0
17.54266381263733,31,172910,0,0,0,18648,242,0,0
17.59556293487549,30,164156,0,0,0,18648,242,0,0
17.65496277809143,33,174490,0,0,0,18718,243,0,0
17.707015991210938,40,196676,1,70,0,18718,243,0,0
17.758789777755737,31,164222,0,0,0,18718,243,0,0
17.810570001602173,33,170146,0,0,0,18718,243,0,0
17.862618923187256,30,152572,0,0,0,18718,243,0,0
17.9148268699646,32,194696,0,0,0,18718,243,0,0
17.96879482269287,36,181928,0,0,0,18718,243,0,0
18.02136492729187,33,161458,0,0,0,18718,243,0,0
18.073932886123657,31,172910,0,0,0,18718,243,0,0
18.12645983695984,33,167250,0,0,0,18718,243,0,0
18.17902398109436,33,162906,0,0,0,18718,243,0,0
18.231228828430176,30,158364,0,0,0,18718,243,0,0
18.28371286392212,29,165538,0,0,0,18718,243,0,0
18.336312770843506,31,145398,0,0,0,18718,243,0,0
18.38817596435547,31,156982,0,0,0,18718,243,0,0
18.441131830215454,28,159680,0,0,0,18718,243,0,0
18.494041919708252,27,146582,0,0,0,18718,243,0,0
18.5470027923584,33,168698,0,0,0,18718,243,0,0
18.600350856781006,30,159812,0,0,0,18718,243,0,0
18.653149843215942,35,173174,0,0,0,18718,243,0,0
18.707111835479736,31,159878,0,0,0,18718,243,0,0
18.759329795837402,34,180348,0,0,0,18718,243,0,0
18.811492919921875,31,158430,0,0,0,18718,243,0,0
18.863865852355957,28,140856,0,0,0,18718,243,0,0
18.918168783187866,33,175938,0,0,0,18718,243,0,0
18.971356868743896,31,171462,0,0,0,18718,243,0,0
19.023850917816162,32,161392,0,0,0,18718,243,0,0
19.076263904571533,31,159878,0,0,0,18718,243,0,0
19.129579782485962,34,160076,0,0,0,18718,243,0,0
19.18172597885132,31,175806,0,0,0,18718,243,0,0
19.234217882156372,36,235504,0,0,0,18718,243,0,0
19.286370992660522,31,159878,0,0,0,18718,243,0,0
19.338222980499268,33,170146,0,0,0,18718,243,0,0
19.3907687664032,33,152770,0,0,0,18718,243,0,0
19.443609952926636,28,159680,0,0,0,18718,243,0,0
19.497289896011353,32,170080,0,0,0,18718,243,0,0
19.549867868423462,30,156916,0,0,0,18718,243,0,0
19.602252960205078,31,171462,0,0,0,18718,243,0,0
19.654318809509277,34,196284,1,42,0,18760,244,0,0
19.70651078224182,29,156850,1,70,0,18830,245,0,0
19.759674787521362,35,171727,0,0,0,18830,245,0,0
19.8118097782135,34,171660,0,0,0,18830,245,0,0
19.86523199081421,31,168567,0,0,0,18830,245,0,0
19.91792583465576,34,176004,0,0,0,18830,245,0,0
19.97105598449707,33,162906,0,0,0,18830,245,0,0
20.023392915725708,243,558444,0,0,0,18830,245,0,0
20.074914932250977,436,799552,0,0,0,18830,245,0,0
20.12701177597046,427,741038,0,0,0,18830,245,0,0
20.1791729927063,412,641656,0,0,0,18830,245,0,0
20.231103897094727,415,637366,0,0,0,18830,245,0,0
20.2842218875885,418,638916,0,0,0,18830,245,0,0
20.336208820343018,422,656700,0,0,0,18830,245,0,0
20.38797378540039,401,600434,0,0,0,18830,245,0,0
20.439854860305786,409,621090,0,0,0,18830,245,0,0
20.49152398109436,407,610846,0,0,0,18830,245,0,0
20.54340887069702,412,619912,0,0,0,18830,245,0,0
20.595403909683228,417,637570,0,0,0,18830,245,0,0
20.64806079864502,405,603474,0,0,0,18830,245,0,0
20.69990587234497,412,613952,0,0,0,18830,245,0,0
20.75150990486145,395,588550,0,0,0,18830,245,0,0
20.803748846054077,413,615514,0,0,0,18830,245,0,0
20.85542893409729,404,601960,0,0,0,18830,245,0,0
20.90740180015564,405,603474,0,0,0,18830,245,0,0
20.95889377593994,408,608040,0,0,0,18830,245,0,0
21.01185178756714,404,601960,0,0,0,18830,245,0,0
21.06359577178955,407,606430,0,0,0,18830,245,0,0
21.116858959197998,403,600470,0,0,0,18830,245,0,0
21.16962695121765,420,625800,0,0,0,18830,245,0,0
21.22318387031555,409,609410,0,0,0,18830,245,0,0
21.276338815689087,412,613880,0,0,0,18830,245,0,0
21.328651905059814,412,613880,0,0,0,18830,245,0,0
21.382158994674683,411,612414,0,0,0,18830,245,0,0
21.434682846069336,411,612390,0,0,0,18830,245,0,0
21.48804998397827,410,610900,0,0,0,18830,245,0,0
21.54050898551941,415,618350,0,0,0,18830,245,0,0
21.592699766159058,409,609410,0,0,0,18830,245,0,0
21.645928859710693,403,600470,0,0,0,18830,245,0,0
21.698872804641724,418,622820,0,0,0,18830,245,0,0
21.7520809173584,411,612390,0,0,0,18830,245,0,0
21.80483889579773,410,610900,0,0,0,18830,245,0,0
21.85787296295166,410,610900,0,0,0,18830,245,0,0
21.91074299812317,418,622820,0,0,0,18830,245,0,0
21.963587999343872,409,609410,0,0,0,18830,245,0,0
22.015727996826172,405,603450,0,0,0,18830,245,0,0
22.06773281097412,402,598980,0,0,0,18830,245,0,0
22.12009882926941,414,616860,0,0,0,18830,245,0,0
22.173404932022095,404,601960,0,0,0,18830,245,0,0
22.226569890975952,414,616884,0,0,0,18830,245,0,0
22.279212951660156,412,613880,0,0,0,18830,245,0,0
22.331345796585083,412,613880,0,0,0,18830,245,0,0
22.383363962173462,398,593020,0,0,0,18830,245,0,0
22.43598699569702,399,594510,0,0,0,18830,245,0,0
22.4892418384552,421,627290,0,0,0,18830,245,0,0
22.542340993881226,407,606430,0,0,0,18830,245,0,0
22.59474492073059,409,609410,0,0,0,18830,245,0,0
22.64718198776245,415,618350,0,0,0,18830,245,0,0
22.699980974197388,409,609410,0,0,0,18830,245,0,0
22.75283193588257,407,606430,0,0,0,18830,245,0,0
22.805335998535156,415,618350,0,0,0,18830,245,0,0
22.857719898223877,408,607920,0,0,0,18830,245,0,0
22.910791873931885,397,591530,0,0,0,18830,245,0,0
22.97164797782898,420,625800,0,0,0,18830,245,0,0
23.0235538482666,469,698810,0,0,0,18830,245,0,0
23.07543182373047,404,601960,0,0,0,18830,245,0,0
23.127006769180298,400,596000,0,0,0,18830,245,0,0
23.17896795272827,403,600470,0,0,0,18830,245,0,0
23.230934858322144,411,612390,0,0,0,18830,245,0,0
23.28485894203186,401,597490,0,0,0,18830,245,0,0
23.337365865707397,420,625800,0,0,0,18830,245,0,0
23.39004898071289,405,603450,0,0,0,18830,245,0,0
23.44191884994507,408,607920,0,0,0,18830,245,0,0
23.493452787399292,398,593020,0,0,0,18830,245,0,0
23.545214891433716,408,607920,0,0,0,18830,245,0,0
23.597248792648315,398,593020,0,0,0,18830,245,0,0
23.650243997573853,405,603450,0,0,0,18830,245,0,0
23.701780796051025,410,610900,0,0,0,18830,245,0,0
23.75375986099243,404,601960,0,0,0,18830,245,0,0
23.805800914764404,403,600470,2,140,0,18970,247,0,0
23.85764980316162,405,603474,0,0,0,18970,247,0,0
23.909803867340088,403,600470,0,0,0,18970,247,0,0
23.961732864379883,402,598980,0,0,0,18970,247,0,0
24.015333890914917,405,603450,0,0,0,18970,247,0,0
24.067238807678223,419,624310,0,0,0,18970,247,0,0
24.119380950927734,406,604940,0,0,0,18970,247,0,0
24.17163586616516,402,598980,0,0,0,18970,247,0,0
24.223615884780884,403,600470,0,0,0,18970,247,0,0
24.27566695213318,406,604940,0,0,0,18970,247,0,0
24.3276469707489,402,598980,0,0,0,18970,247,0,0
24.379633903503418,405,603450,0,0,0,18970,247,0,0
24.432674884796143,412,613880,0,0,0,18970,247,0,0
24.484709978103638,403,600470,0,0,0,18970,247,0,0
24.53679895401001,404,601960,0,0,0,18970,247,0,0
24.589167833328247,409,609410,0,0,0,18970,247,0,0
24.64167594909668,404,601960,0,0,0,18970,247,0,0
24.693628787994385,405,603450,0,0,0,18970,247,0,0
24.74531888961792,405,603450,0,0,0,18970,247,0,0
24.79831600189209,405,603450,0,0,0,18970,247,0,0
24.85026478767395,412,613880,0,0,0,18970,247,0,0
24.90217876434326,404,601960,0,0,0,18970,247,0,0
24.954306840896606,399,594510,0,0,0,18970,247,0,0
25.005923986434937,407,606430,0,0,0,18970,247,0,0
25.058438777923584,407,606430,0,0,0,18970,247,0,0
25.10995078086853,404,601960,0,0,0,18970,247,0,0
25.16220784187317,393,585570,0,0,0,18970,247,0,0
25.213743925094604,415,618350,0,0,0,18970,247,0,0
25.26663899421692,397,591530,0,0,0,18970,247,0,0
25.31929898262024,420,625800,0,0,0,18970,247,0,0
25.37119698524475,401,597490,0,0,0,18970,247,0,0
25.423187971115112,403,600470,0,0,0,18970,247,0,0
25.474920988082886,399,594510,0,0,0,18970,247,0,0
25.527650833129883,408,607920,0,0,0,18970,247,0,0
25.57973599433899,408,607920,0,0,0,18970,247,0,0
25.631567001342773,403,600470,0,0,0,18970,247,0,0
25.683636903762817,407,606430,0,0,0,18970,247,0,0
25.735394954681396,397,591530,0,0,0,18970,247,0,0
25.78731083869934,411,612390,0,0,0,18970,247,0,0
25.839069843292236,401,597490,0,0,0,18970,247,0,0
25.891267776489258,396,590040,5,350,0,19320,252,0,0
25.94315481185913,405,603450,0,0,0,19320,252,0,0
25.995019912719727,406,604940,0,0,0,19320,252,0,0
26.046393871307373,401,597490,0,0,0,19320,252,0,0
26.098071813583374,397,591530,0,0,0,19320,252,0,0
26.149914979934692,411,612390,0,0,0,19320,252,0,0
26.20160698890686,401,597490,0,0,0,19320,252,0,0
26.25557589530945,402,598980,0,0,0,19320,252,0,0
26.308462858200073,421,627290,0,0,0,19320,252,0,0
26.359959840774536,404,601960,0,0,0,19320,252,0,0
26.411991834640503,406,604940,0,0,0,19320,252,0,0
26.463725805282593,395,588550,0,0,0,19320,252,0,0
26.5157368183136,406,604940,0,0,0,19320,252,0,0
26.567577838897705,409,609410,0,0,0,19320,252,0,0
26.619529962539673,401,597490,0,0,0,19320,252,0,0
26.67238187789917,402,598980,0,0,0,19320,252,0,0
26.724073886871338,410,610900,0,0,0,19320,252,0,0
26.776245832443237,407,606430,0,0,0,19320,252,0,0
26.8281569480896,401,597490,0,0,0,19320,252,0,0
26.87994384765625,406,604940,0,0,0,19320,252,0,0
26.93200397491455,403,600470,0,0,0,19320,252,0,0
26.98402500152588,400,596000,0,0,0,19320,252,0,0
27.03705096244812,407,606430,0,0,0,19320,252,0,0
27.08887481689453,412,613880,0,0,0,19320,252,0,0
27.140663862228394,404,601984,0,0,0,19320,252,0,0
27.19242787361145,400,596000,0,0,0,19320,252,0,0
27.24415683746338,400,596000,0,0,0,19320,252,0,0
27.29662585258484,402,598980,0,0,0,19320,252,0,0
27.348883867263794,409,609410,0,0,0,19320,252,0,0
27.407179832458496,393,585570,0,0,0,19320,252,0,0
27.460527896881104,478,712220,0,0,0,19320,252,0,0
27.512929916381836,403,600470,0,0,0,19320,252,0,0
27.56485676765442,408,607920,0,0,0,19320,252,0,0
27.617268800735474,406,604940,0,0,0,19320,252,0,0
27.668940782546997,404,601960,0,0,0,19320,252,0,0
27.721001863479614,409,609410,0,0,0,19320,252,0,0
27.77295184135437,401,597490,0,0,0,19320,252,0,0
27.826135873794556,403,600470,0,0,0,19320,252,0,0
27.87777876853943,411,612390,0,0,0,19320,252,0,0
27.929470777511597,398,593020,0,0,0,19320,252,0,0
27.98187279701233,410,610900,0,0,0,19320,252,0,0
28.03349280357361,399,594510,0,0,0,19320,252,0,0
28.085473775863647,408,607920,0,0,0,19320,252,0,0
28.137549877166748,404,601960,0,0,0,19320,252,0,0
28.19051480293274,396,590040,0,0,0,19320,252,0,0
28.242445945739746,411,612390,0,0,0,19320,252,0,0
28.294381856918335,409,609410,0,0,0,19320,252,0,0
28.346102952957153,403,600470,0,0,0,19320,252,0,0
28.397957801818848,404,601960,0,0,0,19320,252,0,0
28.4497709274292,397,591530,0,0,0,19320,252,0,0
28.501497983932495,404,601960,0,0,0,19320,252,0,0
28.554629802703857,405,603450,0,0,0,19320,252,0,0
28.614592790603638,411,612390,0,0,0,19320,252,0,0
28.666411876678467,466,694340,0,0,0,19320,252,0,0
28.71800684928894,402,598980,0,0,0,19320,252,0,0
28.77000093460083,402,598980,0,0,0,19320,252,0,0
28.822009801864624,405,603450,0,0,0,19320,252,0,0
28.87357783317566,399,594510,0,0,0,19320,252,0,0
28.92628288269043,405,603450,0,0,0,19320,252,0,0
28.97795581817627,409,609410,0,0,0,19320,252,0,0
29.029606819152832,400,596000,0,0,0,19320,252,0,0
29.0815269947052,404,601960,0,0,0,19320,252,0,0
29.13348889350891,404,601960,0,0,0,19320,252,0,0
29.185123920440674,401,597490,0,0,0,19320,252,0,0
29.236910820007324,397,591530,0,0,0,19320,252,0,0
29.29130482673645,411,612390,0,0,0,19320,252,0,0
29.343674898147583,423,630270,0,0,0,19320,252,0,0
29.395683765411377,406,604940,0,0,0,19320,252,0,0
29.447404861450195,402,598980,0,0,0,19320,252,0,0
29.498966932296753,400,596000,0,0,0,19320,252,0,0
29.551169872283936,404,601960,0,0,0,19320,252,0,0
29.602999925613403,404,601960,0,0,0,19320,252,0,0
29.65571880340576,408,607920,0,0,0,19320,252,0,0
29.707568883895874,404,601960,0,0,0,19320,252,0,0
29.759463787078857,402,598980,0,0,0,19320,252,0,0
29.811092853546143,403,600470,0,0,0,19320,252,0,0
29.862912893295288,407,606430,0,0,0,19320,252,0,0
29.914939880371094,399,594510,0,0,0,19320,252,0,0
29.966847896575928,404,601960,1,70,0,19390,253,0,0
30.018972873687744,407,606430,0,0,0,19390,253,0,0
30.0716769695282,396,590040,0,0,0,19390,253,0,0
30.123350858688354,417,621330,0,0,0,19390,253,0,0
30.174848794937134,397,591530,0,0,0,19390,253,0,0
30.226403951644897,401,597490,0,0,0,19390,253,0,0
30.27798295021057,396,590040,0,0,0,19390,253,0,0
30.330874919891357,404,601960,0,0,0,19390,253,0,0
30.382553815841675,406,604940,0,0,0,19390,253,0,0
30.435032844543457,406,604940,0,0,0,19390,253,0,0
30.48694086074829,410,610900,0,0,0,19390,253,0,0
30.539137840270996,403,600470,0,0,0,19390,253,0,0
30.591055870056152,398,593020,0,0,0,19390,253,0,0
30.643006801605225,410,610900,0,0,0,19390,253,0,0
30.695043802261353,405,603450,0,0,0,19390,253,0,0
30.746837854385376,408,607920,0,0,0,19390,253,0,0
30.799885988235474,401,597490,0,0,0,19390,253,0,0
30.851500988006592,410,610900,0,0,0,19390,253,0,0
30.90304183959961,403,600470,0,0,0,19390,253,0,0
30.95519185066223,401,597490,0,0,0,19390,253,0,0
31.0068359375,397,591530,0,0,0,19390,253,0,0
31.05937886238098,406,604940,0,0,0,19390,253,0,0
31.111600875854492,405,603450,0,0,0,19390,253,0,0
31.163464784622192,403,600470,0,0,0,19390,253,0,0
31.216607809066772,416,619840,0,0,0,19390,253,0,0
31.268486976623535,406,604940,0,0,0,19390,253,0,0
31.320387840270996,403,600470,0,0,0,19390,253,0,0
31.372195959091187,403,600470,0,0,0,19390,253,0,0
31.42406177520752,400,596000,0,0,0,19390,253,0,0
31.475909948349,403,600470,0,0,0,19390,253,0,0
31.5277898311615,406,604940,0,0,0,19390,253,0,0
31.580497980117798,401,597490,0,0,0,19390,253,0,0
31.631943941116333,410,610900,0,0,0,19390,253,0,0
31.683761835098267,405,603450,0,0,0,19390,253,0,0
31.735475778579712,395,588550,0,0,0,19390,253,0,0
31.787080764770508,404,601960,0,0,0,19390,253,0,0
31.839016914367676,403,600470,0,0,0,19390,253,0,0
31.890880823135376,404,601960,0,0,0,19390,253,0,0
31.94350290298462,399,594510,0,0,0,19390,253,0,0
31.994924783706665,409,609410,1,70,0,19460,254,0,0
32.04651188850403,396,590040,0,0,0,19460,254,0,0
32.09852480888367,408,607920,0,0,0,19460,254,0,0
32.15113186836243,403,600470,0,0,0,19460,254,0,0
32.20300889015198,407,606430,0,0,0,19460,254,0,0
32.25531888008118,407,606430,0,0,0,19460,254,0,0
32.30824685096741,406,604940,0,0,0,19460,254,0,0
32.35997486114502,408,607920,0,0,0,19460,254,0,0
32.41193079948425,403,600470,0,0,0,19460,254,0,0
32.463971853256226,405,603450,0,0,0,19460,254,0,0
32.51587390899658,403,600470,0,0,0,19460,254,0,0
32.567768812179565,400,596000,0,0,0,19460,254,0,0
32.61959195137024,403,600470,0,0,0,19460,254,0,0
32.672592878341675,405,603450,0,0,0,19460,254,0,0
32.72459077835083,413,615370,0,0,0,19460,254,0,0
32.77677392959595,404,601960,0,0,0,19460,254,0,0
32.82881689071655,406,604940,0,0,0,19460,254,0,0
32.881056785583496,407,606430,0,0,0,19460,254,0,0
32.9330837726593,405,603450,0,0,0,19460,254,0,0
32.98495888710022,405,603450,0,0,0,19460,254,0,0
33.037001848220825,400,596000,0,0,0,19460,254,0,0
33.08990693092346,405,603450,0,0,0,19460,254,0,0
33.141631841659546,405,603450,0,0,0,19460,254,0,0
33.193453788757324,405,603450,0,0,0,19460,254,0,0
33.24501991271973,403,600470,0,0,0,19460,254,0,0
33.29718899726868,404,601960,0,0,0,19460,254,0,0
33.349997997283936,411,612390,0,0,0,19460,254,0,0
33.40253496170044,402,598980,0,0,0,19460,254,0,0
33.45530986785889,410,610900,0,0,0,19460,254,0,0
33.50694179534912,410,610900,0,0,0,19460,254,0,0
33.55919098854065,403,600470,0,0,0,19460,254,0,0
33.611090898513794,402,598980,0,0,0,19460,254,0,0
33.66313886642456,401,597490,0,0,0,19460,254,0,0
33.71499180793762,406,604940,0,0,0,19460,254,0,0
33.76725888252258,402,598980,0,0,0,19460,254,0,0
33.82029390335083,412,613904,0,0,0,19460,254,0,0
33.88100790977478,412,613880,0,0,0,19460,254,0,0
33.93305683135986,469,698810,0,0,0,19460,254,0,0
33.985607862472534,399,594510,0,0,0,19460,254,0,0
34.03769493103027,417,621378,2,140,0,19600,256,0,0
34.08946895599365,403,600470,0,0,0,19600,256,0,0
34.1413938999176,397,591530,0,0,0,19600,256,0,0
34.194490909576416,409,609410,0,0,0,19600,256,0,0
34.24654793739319,404,601960,0,0,0,19600,256,0,0
34.298523902893066,412,613880,0,0,0,19600,256,0,0
34.350401878356934,402,598980,0,0,0,19600,256,0,0
34.40243077278137,406,604940,0,0,0,19600,256,0,0
34.454527854919434,412,613904,0,0,0,19600,256,0,0
34.50638484954834,395,588550,0,0,0,19600,256,0,0
34.55908489227295,402,598980,0,0,0,19600,256,0,0
34.61101293563843,419,624310,0,0,0,19600,256,0,0
34.66285681724548,400,596000,0,0,0,19600,256,0,0
34.714515924453735,397,591530,0,0,0,19600,256,0,0
34.76651382446289,401,597490,0,0,0,19600,256,0,0
34.81857180595398,410,610900,0,0,0,19600,256,0,0
34.870386838912964,402,598980,0,0,0,19600,256,0,0
34.922961950302124,403,600470,0,0,0,19600,256,0,0
34.97484493255615,412,613880,0,0,0,19600,256,0,0
35.02653479576111,398,593020,0,0,0,19600,256,0,0
35.07822799682617,401,597490,0,0,0,19600,256,0,0
35.13015580177307,404,601960,0,0,0,19600,256,0,0
35.18214178085327,401,597490,0,0,0,19600,256,0,0
35.234253883361816,411,612390,0,0,0,19600,256,0,0
35.28611493110657,400,596024,0,0,0,19600,256,0,0
35.340319871902466,415,618350,0,0,0,19600,256,0,0
35.39299488067627,416,619840,0,0,0,19600,256,0,0
35.44514989852905,404,601960,0,0,0,19600,256,0,0
35.49742889404297,401,597490,0,0,0,19600,256,0,0
35.54955577850342,411,612390,0,0,0,19600,256,0,0
35.6015419960022,404,601960,0,0,0,19600,256,0,0
35.653958797454834,409,609410,0,0,0,19600,256,0,0
35.70755195617676,402,598980,0,0,0,19600,256,0,0
35.7595329284668,419,624310,0,0,0,19600,256,0,0
35.81162786483765,403,600470,0,0,0,19600,256,0,0
35.8635048866272,398,593020,0,0,0,19600,256,0,0
35.91506886482239,406,604940,0,0,0,19600,256,0,0
35.96704292297363,404,601960,0,0,0,19600,256,0,0
36.019306898117065,402,598980,0,0,0,19600,256,0,0
36.071889877319336,408,607920,0,0,0,19600,256,0,0
36.12349581718445,405,603450,1,70,0,19670,257,0,0
36.17529296875,402,598980,0,0,0,19670,257,0,0
36.22705793380737,405,603450,0,0,0,19670,257,0,0
36.27906680107117,400,596000,0,0,0,19670,257,0,0
36.33117198944092,405,603450,0,0,0,19670,257,0,0
36.38305592536926,407,606430,0,0,0,19670,257,0,0
36.4357008934021,402,598980,0,0,0,19670,257,0,0
36.48750591278076,406,604940,0,0,0,19670,257,0,0
36.53951287269592,405,603450,0,0,0,19670,257,0,0
36.591649770736694,401,597490,0,0,0,19670,257,0,0
36.643494844436646,408,607920,0,0,0,19670,257,0,0
36.695629835128784,403,600470,0,0,0,19670,257,0,0
36.747729778289795,406,604940,0,0,0,19670,257,0,0
36.800599813461304,398,593020,0,0,0,19670,257,0,0
36.85247182846069,416,619840,0,0,0,19670,257,0,0
36.90435481071472,402,599004,0,0,0,19670,257,0,0
36.95579791069031,402,598980,0,0,0,19670,257,0,0
37.007550954818726,402,598980,0,0,0,19670,257,0,0
37.05940794944763,403,600470,0,0,0,19670,257,0,0
37.110909938812256,402,598980,0,0,0,19670,257,0,0
37.163272857666016,406,604940,0,0,0,19670,257,0,0
37.2169988155365,411,612390,0,0,0,19670,257,0,0
37.268852949142456,410,610900,0,0,0,19670,257,0,0
37.320313930511475,401,597490,0,0,0,19670,257,0,0
37.3721067905426,401,597490,0,0,0,19670,257,0,0
37.424062967300415,405,603450,0,0,0,19670,257,0,0
37.47629380226135,404,601960,0,0,0,19670,257,0,0
37.527994871139526,404,601960,0,0,0,19670,257,0,0
37.5809428691864,399,594510,0,0,0,19670,257,0,0
37.63310790061951,415,618350,0,0,0,19670,257,0,0
37.68513298034668,405,603450,0,0,0,19670,257,0,0
37.73701095581055,404,601960,0,0,0,19670,257,0,0
37.78914189338684,403,600470,0,0,0,19670,257,0,0
37.84129095077515,401,597490,0,0,0,19670,257,0,0
37.89331078529358,405,603450,0,0,0,19670,257,0,0
37.945966958999634,406,604940,0,0,0,19670,257,0,0
37.99754476547241,404,601960,0,0,0,19670,257,0,0
38.049322843551636,407,606430,0,0,0,19670,257,0,0
38.10101795196533,400,596000,0,0,0,19670,257,0,0
38.15297794342041,401,597490,0,0,0,19670,257,0,0
38.205063819885254,402,598980,0,0,0,19670,257,0,0
38.25707197189331,409,609410,0,0,0,19670,257,0,0
38.30899381637573,406,604940,0,0,0,19670,257,0,0
38.362191915512085,412,613880,0,0,0,19670,257,0,0
38.414039850234985,403,600470,0,0,0,19670,257,0,0
38.465900897979736,395,588550,0,0,0,19670,257,0,0
38.51754879951477,405,603450,0,0,0,19670,257,0,0
38.56963777542114,407,606430,0,0,0,19670,257,0,0
38.62153697013855,400,596000,0,0,0,19670,257,0,0
38.67345190048218,402,598980,0,0,0,19670,257,0,0
38.72643780708313,406,604940,0,0,0,19670,257,0,0
38.77853083610535,412,613880,0,0,0,19670,257,0,0
38.8322069644928,422,628780,0,0,0,19670,257,0,0
38.88564085960388,410,610900,0,0,0,19670,257,0,0
38.937516927719116,410,610900,0,0,0,19670,257,0,0
38.98946499824524,397,591530,0,0,0,19670,257,0,0
39.04181981086731,409,609410,0,0,0,19670,257,0,0
39.094719886779785,402,598980,0,0,0,19670,257,0,0
39.14634084701538,412,613880,0,0,0,19670,257,0,0
39.19810891151428,401,597490,0,0,0,19670,257,0,0
39.25019097328186,404,601960,0,0,0,19670,257,0,0
39.30280089378357,409,609410,0,0,0,19670,257,0,0
39.3548789024353,397,591530,0,0,0,19670,257,0,0
39.40731978416443,414,616860,0,0,0,19670,257,0,0
39.46045279502869,407,606430,0,0,0,19670,257,0,0
39.520819902420044,408,607920,0,0,0,19670,257,0,0
39.57267880439758,475,707750,0,0,0,19670,257,0,0
39.624675989151,401,596074,1,42,0,19712,258,0,0
39.6766197681427,407,606430,0,0,0,19712,258,0,0
39.73013877868652,398,593020,0,0,0,19712,258,0,0
39.78307294845581,419,624310,0,0,0,19712,258,0,0
39.83852577209473,427,633383,0,0,0,19712,258,0,0
39.89045476913452,418,622820,0,0,0,19712,258,0,0
39.94218993186951,399,594510,0,0,0,19712,258,0,0
39.994173765182495,407,606430,0,0,0,19712,258,0,0
40.0461208820343,406,599257,0,0,0,19712,258,0,0
40.098113775253296,403,600470,0,0,0,19712,258,0,0
40.150110960006714,400,596000,0,0,0,19712,258,0,0
40.202555894851685,410,610924,0,0,0,19712,258,0,0
40.255175828933716,487,721340,0,0,0,19712,258,0,0
40.307469844818115,497,740530,0,0,0,19712,258,0,0
40.359821796417236,502,747980,0,0,0,19712,258,0,0
40.41199779510498,499,743558,0,0,0,19712,258,0,0
40.46406388282776,491,731590,0,0,0,19712,258,0,0
40.51662492752075,499,743510,0,0,0,19712,258,0,0
40.569514989852905,490,730100,0,0,0,19712,258,0,0
40.6211678981781,503,749470,0,0,0,19712,258,0,0
40.67300581932068,488,727120,0,0,0,19712,258,0,0
40.725032806396484,498,742020,0,0,0,19712,258,0,0
40.77704882621765,495,737550,0,0,0,19712,258,0,0
40.82903981208801,495,737574,0,0,0,19712,258,0,0
40.88092088699341,492,733080,0,0,0,19712,258,0,0
40.932899951934814,498,742020,0,0,0,19712,258,0,0
40.98548984527588,491,731638,0,0,0,19712,258,0,0
41.037147998809814,494,736060,0,0,0,19712,258,0,0
41.08910298347473,491,731590,0,0,0,19712,258,0,0
41.1410608291626,499,743510,0,0,0,19712,258,0,0
41.1933479309082,490,730100,0,0,0,19712,258,0,0
41.24545383453369,503,749470,0,0,0,19712,258,0,0
41.29728388786316,491,731590,0,0,0,19712,258,0,0
41.34986877441406,493,734570,0,0,0,19712,258,0,0
41.40219187736511,498,742044,0,0,0,19712,258,0,0
41.45473289489746,496,739040,0,0,0,19712,258,0,0
41.50747299194336,499,743510,0,0,0,19712,258,0,0
41.55953884124756,503,749470,0,0,0,19712,258,0,0
41.611487865448,496,739040,0,0,0,19712,258,0,0
41.66298198699951,489,728610,0,0,0,19712,258,0,0
41.7159628868103,492,733080,0,0,0,19712,258,0,0
41.768547773361206,509,758410,0,0,0,19712,258,0,0
41.82196283340454,504,750960,0,0,0,19712,258,0,0
41.87758684158325,504,750960,0,0,0,19712,258,0,0
41.93524980545044,552,822480,0,0,0,19712,258,0,0
41.98945689201355,531,791190,0,0,0,19712,258,0,0
42.041642904281616,497,740530,0,0,0,19712,258,0,0
42.09362483024597,495,737550,0,0,0,19712,258,0,0
42.14629292488098,506,753940,0,0,0,19712,258,0,0
42.19786596298218,485,722650,0,0,0,19712,258,0,0
42.24934792518616,493,734594,0,0,0,19712,258,0,0
42.30156898498535,487,725630,0,0,0,19712,258,0,0
42.353431940078735,501,746490,0,0,0,19712,258,0,0
42.40542793273926,495,737550,0,0,0,19712,258,0,0
42.45736479759216,498,742068,0,0,0,19712,258,0,0
42.50993299484253,482,718180,0,0,0,19712,258,0,0
42.56197190284729,510,759900,0,0,0,19712,258,0,0
42.61400890350342,491,731638,0,0,0,19712,258,0,0
42.66610288619995,494,736060,0,0,0,19712,258,0,0
42.71793985366821,495,737550,0,0,0,19712,258,0,0
42.77008080482483,498,742020,0,0,0,19712,258,0,0
42.82211780548096,486,724140,0,0,0,19712,258,0,0
42.87489080429077,500,745000,0,0,0,19712,258,0,0
42.926827907562256,493,734570,0,0,0,19712,258,0,0
42.978487968444824,500,745000,0,0,0,19712,258,0,0
43.02999997138977,490,730124,0,0,0,19712,258,0,0
43.08204984664917,490,730100,0,0,0,19712,258,0,0
43.13392877578735,499,743510,0,0,0,19712,258,0,0
43.18539381027222,482,718180,0,0,0,19712,258,0,0
43.23832583427429,495,737550,0,0,0,19712,258,0,0
43.28994584083557,503,749470,0,0,0,19712,258,0,0
43.34215593338013,493,734570,0,0,0,19712,258,0,0
43.39516878128052,497,740530,0,0,0,19712,258,0,0
43.447664976119995,501,746490,0,0,0,19712,258,0,0
43.499496936798096,495,737550,0,0,0,19712,258,0,0
43.55127787590027,493,734570,0,0,0,19712,258,0,0
43.60410284996033,497,740530,0,0,0,19712,258,0,0
43.65584683418274,496,739040,0,0,0,19712,258,0,0
43.70750284194946,489,728610,0,0,0,19712,258,0,0
43.75936985015869,490,730100,0,0,0,19712,258,0,0
43.81157183647156,498,742044,0,0,0,19712,258,0,0
43.86354899406433,491,731590,0,0,0,19712,258,0,0
43.91552686691284,501,746490,0,0,0,19712,258,0,0
43.96734690666199,487,725630,0,0,0,19712,258,0,0
44.02002477645874,495,737598,0,0,0,19712,258,0,0
44.0719358921051,501,746490,0,0,0,19712,258,0,0
44.12394690513611,496,739040,0,0,0,19712,258,0,0
44.17550492286682,493,734642,0,0,0,19712,258,0,0
44.22723579406738,490,730100,0,0,0,19712,258,0,0
44.27893590927124,493,734570,0,0,0,19712,258,0,0
44.33089590072632,490,730100,0,0,0,19712,258,0,0
44.384150981903076,497,740554,0,0,0,19712,258,0,0
44.436710834503174,503,749470,0,0,0,19712,258,0,0
44.488404989242554,500,745000,0,0,0,19712,258,0,0
44.540130853652954,484,721160,0,0,0,19712,258,0,0
44.591919898986816,496,739040,0,0,0,19712,258,0,0
44.64399600028992,491,731590,0,0,0,19712,258,0,0
44.69607496261597,497,740530,0,0,0,19712,258,0,0
44.748902797698975,495,737550,0,0,0,19712,258,0,0
44.809287786483765,503,749494,0,0,0,19712,258,0,0
44.86107087135315,575,856750,0,0,0,19712,258,0,0
44.913166999816895,489,728610,0,0,0,19712,258,0,0
44.96489882469177,495,737550,0,0,0,19712,258,0,0
45.01683187484741,494,736060,0,0,0,19712,258,0,0
45.06857895851135,484,721160,0,0,0,19712,258,0,0
45.12114381790161,500,745000,0,0,0,19712,258,0,0
45.17288589477539,495,737550,0,0,0,19712,258,0,0
45.22468590736389,497,740530,0,0,0,19712,258,0,0
45.27639389038086,489,728610,0,0,0,19712,258,0,0
45.32782697677612,489,728610,0,0,0,19712,258,0,0
45.379716873168945,487,725630,0,0,0,19712,258,0,0
45.43214178085327,495,737550,0,0,0,19712,258,0,0
45.485020875930786,496,739040,0,0,0,19712,258,0,0
45.53694295883179,503,749470,0,0,0,19712,258,0,0
45.58916783332825,496,739064,0,0,0,19712,258,0,0
45.64098787307739,497,740530,0,0,0,19712,258,0,0
45.692710876464844,490,730100,0,0,0,19712,258,0,0
45.74454379081726,487,725630,0,0,0,19712,258,0,0
45.796467781066895,494,736060,0,0,0,19712,258,0,0
45.851534843444824,493,734570,0,0,0,19712,258,0,0
45.905462980270386,537,800130,0,0,0,19712,258,0,0
45.95749592781067,500,745000,0,0,0,19712,258,0,0
46.010167837142944,498,742020,0,0,0,19712,258,0,0
46.06386089324951,503,749470,0,0,0,19712,258,0,0
46.11737895011902,524,780760,0,0,0,19712,258,0,0
46.169169902801514,484,721160,0,0,0,19712,258,0,0
46.22113084793091,500,745000,0,0,0,19712,258,0,0
46.27403688430786,499,743510,0,0,0,19712,258,0,0
46.32626676559448,495,737550,0,0,0,19712,258,0,0
46.37812876701355,495,737550,0,0,0,19712,258,0,0
46.43009877204895,488,727120,0,0,0,19712,258,0,0
46.48215293884277,495,737550,0,0,0,19712,258,0,0
46.534045934677124,496,739040,0,0,0,19712,258,0,0
46.5862557888031,494,736060,0,0,0,19712,258,0,0
46.63898491859436,494,736060,0,0,0,19712,258,0,0
46.69095587730408,500,745000,0,0,0,19712,258,0,0
46.742918968200684,501,746490,0,0,0,19712,258,0,0
46.79472780227661,481,716690,0,0,0,19712,258,0,0
46.8465039730072,495,737550,0,0,0,19712,258,0,0
46.898451805114746,497,740530,0,0,0,19712,258,0,0
46.95056486129761,487,725630,0,0,0,19712,258,0,0
47.00330090522766,499,743510,0,0,0,19712,258,0,0
47.0553297996521,505,752450,0,0,0,19712,258,0,0
47.10707998275757,487,725630,0,0,0,19712,258,0,0
47.15900993347168,494,736060,0,0,0,19712,258,0,0
47.210877895355225,496,739064,0,0,0,19712,258,0,0
47.26241588592529,488,727120,0,0,0,19712,258,0,0
47.3161997795105,494,736060,0,0,0,19712,258,0,0
47.36933398246765,509,758410,0,0,0,19712,258,0,0
47.42207884788513,505,752450,0,0,0,19712,258,0,0
47.474700927734375,505,752450,0,0,0,19712,258,0,0
47.526495933532715,491,731590,0,0,0,19712,258,0,0
47.57835078239441,497,740530,0,0,0,19712,258,0,0
47.63043999671936,490,730100,0,0,0,19712,258,0,0
47.68266177177429,497,740530,0,0,0,19712,258,0,0
47.735408782958984,496,739040,0,0,0,19712,258,0,0
47.78701996803284,497,740530,0,0,0,19712,258,0,0
47.838971853256226,489,728610,0,0,0,19712,258,0,0
47.89091181755066,497,740530,0,0,0,19712,258,0,0
47.94316291809082,492,733080,0,0,0,19712,258,0,0
47.99494791030884,493,734570,0,0,0,19712,258,0,0
48.04704689979553,496,739040,0,0,0,19712,258,0,0
48.098888874053955,500,745000,0,0,0,19712,258,0,0
48.15135884284973,481,716690,0,0,0,19712,258,0,0
48.203014850616455,509,758410,0,0,0,19712,258,0,0
48.25502586364746,484,721160,0,0,0,19712,258,0,0
48.306851863861084,492,733080,0,0,0,19712,258,0,0
48.358508825302124,496,739040,0,0,0,19712,258,0,0
48.41054892539978,490,730100,0,0,0,19712,258,0,0
48.46266484260559,493,734570,0,0,0,19712,258,0,0
48.51550579071045,498,742020,0,0,0,19712,258,0,0
48.56746792793274,503,749470,0,0,0,19712,258,0,0
48.61942481994629,490,730100,0,0,0,19712,258,0,0
48.67100286483765,489,728610,0,0,0,19712,258,0,0
48.72298192977905,495,737550,0,0,0,19712,258,0,0
48.77500677108765,497,740530,0,0,0,19712,258,0,0
48.826934814453125,488,727120,0,0,0,19712,258,0,0
48.87993788719177,501,746490,0,0,0,19712,258,0,0
48.93213891983032,496,739040,0,0,0,19712,258,0,0
48.98533797264099,244,363560,0,0,0,19712,258,0,0
49.04011797904968,723,1077270,0,0,0,19712,258,0,0
49.100406885147095,322,479780,0,0,0,19712,258,0,0
49.153347969055176,804,1197960,0,0,0,19712,258,0,0
49.20560693740845,509,758410,0,0,0,19712,258,0,0
49.25748682022095,492,733080,0,0,0,19712,258,0,0
49.310526847839355,505,752450,0,0,0,19712,258,0,0
49.36238479614258,495,737550,0,0,0,19712,258,0,0
49.41407799720764,486,724140,0,0,0,19712,258,0,0
49.46612191200256,491,731590,0,0,0,19712,258,0,0
49.518141984939575,503,749470,0,0,0,19712,258,0,0
49.57015776634216,489,728610,0,0,0,19712,258,0,0
49.62198090553284,498,742020,0,0,0,19712,258,0,0
49.674935817718506,488,727120,0,0,0,19712,258,0,0
49.72681379318237,501,746490,0,0,0,19712,258,0,0
49.77957582473755,500,745000,0,0,0,19712,258,0,0
49.831915855407715,497,740530,0,0,0,19712,258,0,0
49.88427686691284,495,737550,0,0,0,19712,258,0,0
49.93692588806152,503,749470,0,0,0,19712,258,0,0
49.989354848861694,502,747980,0,0,0,19712,258,0,0
50.04442286491394,495,737550,0,0,0,19712,258,0,0
50.09705185890198,523,779270,0,0,0,19712,258,0,0
50.149680852890015,491,731590,0,0,0,19712,258,0,0
50.20182681083679,496,739040,0,0,0,19712,258,0,0
50.254695892333984,497,740530,0,0,0,19712,258,0,0
50.30833983421326,511,761390,0,0,0,19712,258,0,0
50.36058592796326,501,746490,0,0,0,19712,258,0,0
50.41456079483032,503,749470,0,0,0,19712,258,0,0
50.487422943115234,577,859754,0,0,0,19712,258,0,0
50.5400128364563,640,953648,0,0,0,19712,258,0,0
50.59210991859436,488,727120,0,0,0,19712,258,0,0
50.64389491081238,492,733080,0,0,0,19712,258,0,0
50.69591784477234,495,737574,0,0,0,19712,258,0,0
50.74780797958374,500,745024,0,0,0,19712,258,0,0
50.80054497718811,483,719670,0,0,0,19712,258,0,0
50.85230898857117,509,758410,0,0,0,19712,258,0,0
50.90393090248108,489,728658,0,0,0,19712,258,0,0
50.955795764923096,495,737550,0,0,0,19712,258,0,0
51.007563829422,487,725630,0,0,0,19712,258,0,0
51.059574842453,492,733080,0,0,0,19712,258,0,0
51.11152791976929,494,736060,0,0,0,19712,258,0,0
51.16425681114197,494,736060,0,0,0,19712,258,0,0
51.21608877182007,504,750960,0,0,0,19712,258,0,0
51.26781988143921,494,736060,0,0,0,19712,258,0,0
51.319485902786255,481,716714,0,0,0,19712,258,0,0
51.37151789665222,498,742020,0,0,0,19712,258,0,0
51.42448091506958,492,733080,0,0,0,19712,258,0,0
51.47776484489441,504,750960,0,0,0,19712,258,0,0
51.53105092048645,508,756968,0,0,0,19712,258,0,0
51.58305883407593,506,753940,0,0,0,19712,258,0,0
51.63497495651245,498,742020,0,0,0,19712,258,0,0
51.68689179420471,489,728610,0,0,0,19712,258,0,0
51.7388129234314,491,731590,0,0,0,19712,258,0,0
51.790655851364136,489,728610,0,0,0,19712,258,0,0
51.84259486198425,499,743510,0,0,0,19712,258,0,0
51.894449949264526,492,733080,0,0,0,19712,258,0,0
51.94695281982422,488,727144,0,0,0,19712,258,0,0
51.9990348815918,508,756920,0,0,0,19712,258,0,0
52.053114891052246,438,652620,0,0,0,19712,258,0,0
52.10559797286987,570,849300,0,0,0,19712,258,0,0
52.1574068069458,498,742020,0,0,0,19712,258,0,0
52.209502935409546,488,727120,0,0,0,19712,258,0,0
52.26163387298584,494,736060,0,0,0,19712,258,0,0
52.31435990333557,497,740530,0,0,0,19712,258,0,0
52.36632585525513,499,743510,0,0,0,19712,258,0,0
52.41789388656616,492,733080,0,0,0,19712,258,0,0
52.469480991363525,487,725630,0,0,0,19712,258,0,0
52.52145195007324,498,742020,0,0,0,19712,258,0,0
52.573086977005005,488,727120,0,0,0,19712,258,0,0
52.62504482269287,491,731590,0,0,0,19712,258,0,0
52.67810297012329,497,740530,0,0,0,19712,258,0,0
52.730249881744385,505,752474,0,0,0,19712,258,0,0
52.78213691711426,486,724140,0,0,0,19712,258,0,0
52.83416390419006,502,747980,0,0,0,19712,258,0,0
52.88591980934143,495,737550,0,0,0,19712,258,0,0
52.93799376487732,490,730100,0,0,0,19712,258,0,0
52.990158796310425,492,733080,0,0,0,19712,258,0,0
53.0420298576355,493,734570,0,0,0,19712,258,0,0
53.09509491920471,511,761390,0,0,0,19712,258,0,0
53.14701795578003,486,724140,0,0,0,19712,258,0,0
53.19904184341431,495,737550,0,0,0,19712,258,0,0
53.25099492073059,498,742020,0,0,0,19712,258,0,0
53.30308389663696,490,730100,0,0,0,19712,258,0,0
53.355018854141235,494,736060,0,0,0,19712,258,0,0
53.40707087516785,495,737550,0,0,0,19712,258,0,0
53.461445808410645,501,746490,0,0,0,19712,258,0,0
53.51418590545654,513,764370,0,0,0,19712,258,0,0
53.56657576560974,503,749470,0,0,0,19712,258,0,0
53.618536949157715,489,728610,0,0,0,19712,258,0,0
53.67066979408264,490,730100,0,0,0,19712,258,0,0
53.722450971603394,498,742020,0,0,0,19712,258,0,0
53.774489879608154,492,733080,0,0,0,19712,258,0,0
53.82727789878845,501,746490,0,0,0,19712,258,0,0
53.878973960876465,499,743510,0,0,0,19712,258,0,0
53.930630922317505,488,727120,0,0,0,19712,258,0,0
53.98236083984375,489,728610,0,0,0,19712,258,0,0
54.03402090072632,489,728610,0,0,0,19712,258,0,0
54.0859317779541,498,742020,0,0,0,19712,258,0,0
54.1380558013916,491,731590,0,0,0,19712,258,0,0
54.191086769104004,490,730100,0,0,0,19712,258,0,0
54.24291491508484,505,752450,0,0,0,19712,258,0,0
54.294981956481934,495,737574,0,0,0,19712,258,0,0
54.34716081619263,496,739040,0,0,0,19712,258,0,0
54.399101972579956,496,739040,0,0,0,19712,258,0,0
54.45086193084717,495,737550,0,0,0,19712,258,0,0
54.50262689590454,484,721160,0,0,0,19712,258,0,0
54.55561089515686,494,736060,0,0,0,19712,258,0,0
54.607579946517944,509,758410,0,0,0,19712,258,0,0
54.659679889678955,488,727120,0,0,0,19712,258,0,0
54.71149182319641,495,737550,0,0,0,19712,258,0,0
54.76348090171814,498,742020,0,0,0,19712,258,0,0
54.81556677818298,487,725630,0,0,0,19712,258,0,0
54.86705994606018,495,737550,0,0,0,19712,258,0,0
54.9187798500061,489,728610,0,0,0,19712,258,0,0
54.97170281410217,490,730100,0,0,0,19712,258,0,0
55.02352690696716,496,739040,0,0,0,19712,258,0,0
55.07541799545288,500,745000,0,0,0,19712,258,0,0
55.127248764038086,489,728610,0,0,0,19712,258,0,0
55.17907691001892,491,731590,0,0,0,19712,258,0,0
55.23098182678223,496,739040,0,0,0,19712,258,0,0
55.28298592567444,499,743510,0,0,0,19712,258,0,0
55.33585977554321,486,724140,0,0,0,19712,258,0,0
55.38765096664429,506,753940,0,0,0,19712,258,0,0
55.43958282470703,488,727120,0,0,0,19712,258,0,0
55.49160695075989,496,739040,0,0,0,19712,258,0,0
55.54351186752319,496,739040,0,0,0,19712,258,0,0
55.595560789108276,485,722650,0,0,0,19712,258,0,0
55.647480964660645,501,746490,0,0,0,19712,258,0,0
55.70053791999817,489,728610,0,0,0,19712,258,0,0
55.760634899139404,504,750960,0,0,0,19712,258,0,0
55.8125479221344,574,855260,0,0,0,19712,258,0,0
55.86445999145508,491,731590,0,0,0,19712,258,0,0
55.91650986671448,495,737550,0,0,0,19712,258,0,0
55.96795988082886,490,730100,0,0,0,19712,258,0,0
56.020089864730835,497,740530,0,0,0,19712,258,0,0
56.07269597053528,495,737550,0,0,0,19712,258,0,0
56.12456297874451,493,734570,0,0,0,19712,258,0,0
56.17644286155701,493,734570,0,0,0,19712,258,0,0
56.22855496406555,494,736060,0,0,0,19712,258,0,0
56.28052878379822,496,739040,0,0,0,19712,258,0,0
56.33246994018555,496,739040,0,0,0,19712,258,0,0
56.3843789100647,488,727120,0,0,0,19712,258,0,0
56.43668794631958,495,737550,0,0,0,19712,258,0,0
56.48867082595825,498,742020,0,0,0,19712,258,0,0
56.540424823760986,496,739040,0,0,0,19712,258,0,0
56.59262180328369,485,722650,0,0,0,19712,258,0,0
56.64446783065796,501,746490,0,0,0,19712,258,0,0
56.69613790512085,490,730100,0,0,0,19712,258,0,0
56.74790287017822,495,737550,0,0,0,19712,258,0,0
56.80082178115845,493,734570,0,0,0,19712,258,0,0
56.852452993392944,492,733080,0,0,0,19712,258,0,0
56.90430688858032,493,734570,0,0,0,19712,258,0,0
56.9561128616333,492,733080,0,0,0,19712,258,0,0
57.00806784629822,495,737550,0,0,0,19712,258,0,0
57.05992388725281,496,739040,0,0,0,19712,258,0,0
57.11147999763489,490,730100,0,0,0,19712,258,0,0
57.16308379173279,489,728610,0,0,0,19712,258,0,0
57.21618580818176,503,749470,0,0,0,19712,258,0,0
57.268027782440186,492,733080,0,0,0,19712,258,0,0
57.31997799873352,492,733080,0,0,0,19712,258,0,0
57.37186789512634,495,737550,0,0,0,19712,258,0,0
57.423407793045044,487,725630,0,0,0,19712,258,0,0
57.47634983062744,496,739040,0,0,0,19712,258,0,0
57.528557777404785,504,750960,0,0,0,19712,258,0,0
57.58161687850952,492,733080,0,0,0,19712,258,0,0
57.63348698616028,502,748004,0,0,0,19712,258,0,0
57.68566584587097,496,739040,0,0,0,19712,258,0,0
57.73752498626709,495,737550,0,0,0,19712,258,0,0
57.78962779045105,489,728610,0,0,0,19712,258,0,0
57.84144592285156,498,742020,0,0,0,19712,258,0,0
57.89310383796692,490,730100,0,0,0,19712,258,0,0
57.94611096382141,494,736060,0,0,0,19712,258,0,0
57.99851894378662,499,743510,0,0,0,19712,258,0,0
58.05110478401184,501,746490,0,0,0,19712,258,0,0
58.10297989845276,501,746490,0,0,0,19712,258,0,0
58.1548957824707,495,737550,0,0,0,19712,258,0,0
58.20696997642517,487,725630,0,0,0,19712,258,0,0
58.25909996032715,497,740530,0,0,0,19712,258,0,0
58.31187891960144,494,736060,0,0,0,19712,258,0,0
58.363529920578,500,745000,0,0,0,19712,258,0,0
58.416287899017334,501,746490,0,0,0,19712,258,0,0
58.46800088882446,489,728610,0,0,0,19712,258,0,0
58.51983594894409,493,734570,0,0,0,19712,258,0,0
58.57188391685486,495,737550,0,0,0,19712,258,0,0
58.623894929885864,494,736060,0,0,0,19712,258,0,0
58.676941871643066,496,739040,0,0,0,19712,258,0,0
58.72905993461609,502,747980,0,0,0,19712,258,0,0
58.78108477592468,489,728610,0,0,0,19712,258,0,0
58.832870960235596,498,742020,0,0,0,19712,258,0,0
58.885053873062134,493,734570,0,0,0,19712,258,0,0
58.93698287010193,495,737550,0,0,0,19712,258,0,0
58.988953828811646,495,737550,0,0,0,19712,258,0,0
59.04094886779785,492,733080,0,0,0,19712,258,0,0
59.09397792816162,488,727120,0,0,0,19712,258,0,0
59.14593195915222,506,753940,0,0,0,19712,258,0,0
59.1979558467865,494,736060,0,0,0,19712,258,0,0
59.250099897384644,499,743510,0,0,0,19712,258,0,0
59.30193376541138,488,727120,0,0,0,19712,258,0,0
59.35377788543701,498,742020,0,0,0,19712,258,0,0
59.40584683418274,489,728610,0,0,0,19712,258,0,0
59.45935583114624,496,739040,0,0,0,19712,258,0,0
59.51188278198242,501,746490,0,0,0,19712,258,0,0
59.5643367767334,508,756920,0,0,0,19712,258,0,0
59.61597299575806,491,731590,0,0,0,19712,258,0,0
59.667990922927856,496,739040,0,0,0,19712,258,0,0
59.71996879577637,496,739040,0,0,0,19712,258,0,0
59.77250790596008,487,725630,0,0,0,19712,258,0,0
59.82589888572693,508,756920,0,0,0,19712,258,0,0
59.87737679481506,498,742020,0,0,0,19712,258,0,0
59.92935299873352,496,739040,0,0,0,19712,258,0,0
59.980934858322144,483,719670,0,0,0,19712,258,0,0
60.032875776290894,499,743510,0,0,0,19712,258,0,0
60.08484387397766,493,734570,0,0,0,19712,258,0,0
60.136640787124634,491,731590,0,0,0,19712,258,0,0
60.18856596946716,492,733080,0,0,0,19712,258,0,0
60.24175000190735,500,745000,0,0,0,19712,258,0,0
60.29349994659424,498,742020,0,0,0,19712,258,0,0
60.345093965530396,486,724140,0,0,0,19712,258,0,0
60.397002935409546,502,747980,0,0,0,19712,258,0,0
60.449031829833984,487,725630,0,0,0,19712,258,0,0
60.50099182128906,496,739040,0,0,0,19712,258,0,0
60.55455183982849,493,734570,0,0,0,19712,258,0,0
60.60819387435913,514,765860,0,0,0,19712,258,0,0
60.66002583503723,503,748047,0,0,0,19712,258,0,0
60.71239995956421,489,728610,0,0,0,19712,258,0,0
60.76475787162781,501,746490,0,0,0,19712,258,0,0
60.81753492355347,498,742020,0,0,0,19712,258,0,0
60.870099782943726,507,748641,0,0,0,19712,258,0,0
60.9221248626709,496,736205,0,0,0,19712,258,0,0
60.97511386871338,498,742020,0,0,0,19712,258,0,0
61.02708292007446,506,751108,0,0,0,19712,258,0,0
61.07905578613281,492,733080,0,0,0,19712,258,0,0
61.1309769153595,490,730100,0,0,0,19712,258,0,0
61.183021783828735,496,739040,0,0,0,19712,258,0,0
61.23545289039612,501,742230,0,0,0,19712,258,0,0
61.28742790222168,492,731656,0,0,0,19712,258,0,0
61.34060096740723,494,734648,0,0,0,19712,258,0,0
61.4001989364624,507,755430,0,0,0,19712,258,0,0
61.451947927474976,572,848020,0,0,0,19712,258,0,0
61.504647970199585,492,733080,0,0,0,19712,258,0,0
61.557015895843506,507,755430,0,0,0,19712,258,0,0
61.60892677307129,487,725630,0,0,0,19712,258,0,0
61.66056990623474,493,734570,0,0,0,19712,258,0,0
61.71318697929382,491,731590,0,0,0,19712,258,0,0
61.7650408744812,502,747980,0,0,0,19712,258,0,0
61.817070960998535,490,730100,0,0,0,19712,258,0,0
61.86920881271362,499,743510,0,0,0,19712,258,0,0
61.921013832092285,495,737550,0,0,0,19712,258,0,0
61.97296380996704,489,728610,0,0,0,19712,258,0,0
62.024977922439575,493,734570,0,0,0,19712,258,0,0
62.07782793045044,495,737550,0,0,0,19712,258,0,0
62.12950587272644,497,740530,0,0,0,19712,258,0,0
62.181782960891724,494,736060,0,0,0,19712,258,0,0
62.23364782333374,491,731590,0,0,0,19712,258,0,0
62.2856068611145,498,742020,0,0,0,19712,258,0,0
62.337456941604614,493,734570,0,0,0,19712,258,0,0
62.389450788497925,493,734570,0,0,0,19712,258,0,0
62.44220495223999,495,737550,0,0,0,19712,258,0,0
62.4950008392334,505,752450,0,0,0,19712,258,0,0
62.54709482192993,490,730100,0,0,0,19712,258,0,0
62.598949909210205,500,745000,0,0,0,19712,258,0,0
62.65093684196472,490,730100,0,0,0,19712,258,0,0
62.7031888961792,495,737550,0,0,0,19712,258,0,0
62.75504279136658,497,740530,0,0,0,19712,258,0,0
62.80715990066528,494,736060,0,0,0,19712,258,0,0
62.86016893386841,496,739040,0,0,0,19712,258,0,0
62.9122838973999,501,746490,0,0,0,19712,258,0,0
62.96406579017639,490,730100,0,0,0,19712,258,0,0
63.016175985336304,495,737550,0,0,0,19712,258,0,0
63.068092823028564,503,749470,0,0,0,19712,258,0,0
63.1198148727417,489,728610,0,0,0,19712,258,0,0
63.17164087295532,491,731590,0,0,0,19712,258,0,0
63.22426986694336,492,733080,0,0,0,19712,258,0,0
63.27614879608154,498,742020,0,0,0,19712,258,0,0
63.32805776596069,493,734570,0,0,0,19712,258,0,0
63.380109786987305,496,739040,0,0,0,19712,258,0,0
63.43190383911133,489,728610,0,0,0,19712,258,0,0
63.48353981971741,489,728610,0,0,0,19712,258,0,0
63.53680491447449,495,737550,0,0,0,19712,258,0,0
63.590285778045654,512,762880,0,0,0,19712,258,0,0
63.642040967941284,502,747980,0,0,0,19712,258,0,0
63.694161891937256,493,734570,0,0,0,19712,258,0,0
63.74610090255737,491,731590,0,0,0,19712,258,0,0
63.79807496070862,497,740530,0,0,0,19712,258,0,0
63.85002398490906,490,730100,0,0,0,19712,258,0,0
63.90207386016846,494,736060,0,0,0,19712,258,0,0
63.95394587516785,492,733080,0,0,0,19712,258,0,0
64.0069968700409,501,746514,0,0,0,19712,258,0,0
64.05883288383484,499,743510,0,0,0,19712,258,0,0
64.11047697067261,491,731590,0,0,0,19712,258,0,0
64.16244888305664,498,742020,0,0,0,19712,258,0,0
64.2140748500824,485,722650,0,0,0,19712,258,0,0
64.26597690582275,490,730100,0,0,0,19712,258,0,0
64.31784081459045,497,740530,0,0,0,19712,258,0,0
64.37055087089539,490,730100,0,0,0,19712,258,0,0
64.42262196540833,502,747980,0,0,0,19712,258,0,0
64.47436594963074,488,727120,0,0,0,19712,258,0,0
64.52718377113342,501,746490,0,0,0,19712,258,0,0
64.57963490486145,498,742020,0,0,0,19712,258,0,0
64.63128781318665,496,739040,0,0,0,19712,258,0,0
64.68299293518066,493,734570,0,0,0,19712,258,0,0
64.73582482337952,493,734570,0,0,0,19712,258,0,0
64.78838992118835,498,742020,0,0,0,19712,258,0,0
64.84058594703674,504,750960,0,0,0,19712,258,0,0
64.89258790016174,489,728610,0,0,0,19712,258,0,0
64.94438290596008,496,739040,0,0,0,19712,258,0,0
64.99612593650818,488,727120,0,0,0,19712,258,0,0
65.04800987243652,496,739040,0,0,0,19712,258,0,0
65.10101795196533,490,730100,0,0,0,19712,258,0,0
65.15302681922913,510,759900,0,0,0,19712,258,0,0
65.20514988899231,497,740530,0,0,0,19712,258,0,0
65.25699782371521,484,721160,0,0,0,19712,258,0,0
65.30899477005005,495,737550,0,0,0,19712,258,0,0
65.3610589504242,500,745000,0,0,0,19712,258,0,0
65.41296792030334,488,727120,0,0,0,19712,258,0,0
65.46537280082703,493,734570,0,0,0,19712,258,0,0
65.51693081855774,496,739040,0,0,0,19712,258,0,0
65.56988883018494,490,730100,0,0,0,19712,258,0,0
65.62194085121155,508,756920,0,0,0,19712,258,0,0
65.67387294769287,494,736060,0,0,0,19712,258,0,0
65.72587084770203,493,734570,0,0,0,19712,258,0,0
65.7778058052063,489,728610,0,0,0,19712,258,0,0
65.8295419216156,494,736060,0,0,0,19712,258,0,0
65.88255095481873,489,728610,0,0,0,19712,258,0,0
65.934396982193,503,749470,0,0,0,19712,258,0,0
65.98602986335754,497,740530,0,0,0,19712,258,0,0
66.0379638671875,488,727120,0,0,0,19712,258,0,0
66.08989977836609,499,743510,0,0,0,19712,258,0,0
66.14183688163757,491,731590,0,0,0,19712,258,0,0
66.19343280792236,488,727120,0,0,0,19712,258,0,0
66.24637079238892,492,733080,0,0,0,19712,258,0,0
66.29828977584839,503,749470,0,0,0,19712,258,0,0
66.34998083114624,493,734570,0,0,0,19712,258,0,0
66.4020459651947,490,730100,0,0,0,19712,258,0,0
66.45394682884216,494,736060,0,0,0,19712,258,0,0
66.50612592697144,495,737550,0,0,0,19712,258,0,0
66.55802893638611,494,736060,0,0,0,19712,258,0,0
66.6109209060669,500,745000,0,0,0,19712,258,0,0
66.67058777809143,496,739040,0,0,0,19712,258,0,0
66.72245597839355,567,844830,0,0,0,19712,258,0,0
66.77443480491638,495,737550,0,0,0,19712,258,0,0
66.82598686218262,486,724140,0,0,0,19712,258,0,0
66.8778669834137,499,743510,0,0,0,19712,258,0,0
66.92949485778809,488,727120,0,0,0,19712,258,0,0
66.98188185691833,486,724140,0,0,0,19712,258,0,0
67.0336709022522,493,734570,0,0,0,19712,258,0,0
67.08542799949646,502,747980,0,0,0,19712,258,0,0
67.13697981834412,490,730100,0,0,0,19712,258,0,0
67.18899989128113,491,731590,0,0,0,19712,258,0,0
67.2408218383789,496,739040,0,0,0,19712,258,0,0
67.29243779182434,484,721160,0,0,0,19712,258,0,0
67.34467577934265,495,737550,0,0,0,19712,258,0,0
67.39680886268616,493,734570,0,0,0,19712,258,0,0
67.44852185249329,496,739040,0,0,0,19712,258,0,0
67.49998879432678,485,722650,0,0,0,19712,258,0,0
67.553062915802,501,746490,0,0,0,19712,258,0,0
67.60647487640381,496,739040,0,0,0,19712,258,0,0
67.65855884552002,508,756920,0,0,0,19712,258,0,0
67.71115279197693,494,736060,0,0,0,19712,258,0,0
67.76306891441345,502,747980,0,0,0,19712,258,0,0
67.8147919178009,495,737550,0,0,0,19712,258,0,0
67.8664038181305,482,718180,0,0,0,19712,258,0,0
67.91808891296387,489,728610,0,0,0,19712,258,0,0
67.9699637889862,500,745000,0,0,0,19712,258,0,0
68.02179479598999,491,731590,0,0,0,19712,258,0,0
68.07391881942749,499,743510,0,0,0,19712,258,0,0
68.12628293037415,484,721160,0,0,0,19712,258,0,0
68.1778609752655,499,743510,0,0,0,19712,258,0,0
68.22925186157227,492,733080,0,0,0,19712,258,0,0
68.28159880638123,484,721160,0,0,0,19712,258,0,0
68.33384490013123,507,755430,0,0,0,19712,258,0,0
68.38547897338867,488,727120,0,0,0,19712,258,0,0
68.43782877922058,495,737550,0,0,0,19712,258,0,0
68.4910478591919,501,746490,0,0,0,19712,258,0,0
68.54285478591919,500,745000,0,0,0,19712,258,0,0
68.5947368144989,487,725630,0,0,0,19712,258,0,0
68.64664888381958,496,739040,0,0,0,19712,258,0,0
68.6985228061676,496,739040,0,0,0,19712,258,0,0
68.75126194953918,493,734570,0,0,0,19712,258,0,0
68.80332589149475,500,745000,0,0,0,19712,258,0,0
68.85594987869263,492,733080,0,0,0,19712,258,0,0
68.91023683547974,515,767350,0,0,0,19712,258,0,0
68.96258687973022,505,752450,0,0,0,19712,258,0,0
69.01460194587708,493,734570,0,0,0,19712,258,0,0
69.06652593612671,495,737550,0,0,0,19712,258,0,0
69.11849188804626,496,739040,0,0,0,19712,258,0,0
69.17055177688599,492,733080,0,0,0,19712,258,0,0
69.22379183769226,497,740530,0,0,0,19712,258,0,0
69.27612495422363,511,761390,0,0,0,19712,258,0,0
69.32811999320984,484,721160,0,0,0,19712,258,0,0
69.38007998466492,498,742020,0,0,0,19712,258,0,0
69.43218493461609,500,745000,0,0,0,19712,258,0,0
69.48469281196594,494,736060,0,0,0,19712,258,0,0
69.53653883934021,487,725630,0,0,0,19712,258,0,0
69.59016180038452,501,746490,0,0,0,19712,258,0,0
69.64321684837341,510,759900,0,0,0,19712,258,0,0
69.69574880599976,499,743510,0,0,0,19712,258,0,0
69.7485659122467,504,750960,0,0,0,19712,258,0,0
69.80180978775024,503,749470,0,0,0,19712,258,0,0
69.85406398773193,499,743510,0,0,0,19712,258,0,0
69.90671491622925,498,742020,0,0,0,19712,258,0,0
69.95979189872742,500,745000,0,0,0,19712,258,0,0
70.0133547782898,509,758410,0,0,0,19712,258,0,0
70.06602787971497,502,747980,0,0,0,19712,258,0,0
70.11859488487244,507,755430,0,0,0,19712,258,0,0
70.1705539226532,491,731590,0,0,0,19712,258,0,0
70.22255682945251,497,740530,0,0,0,19712,258,0,0
70.27521586418152,492,733080,0,0,0,19712,258,0,0
70.33026790618896,519,773310,0,0,0,19712,258,0,0
70.38438081741333,509,758410,0,0,0,19712,258,0,0
70.43769383430481,521,776290,0,0,0,19712,258,0,0
70.49047899246216,486,724140,0,0,0,19712,258,0,0
70.54254484176636,509,758410,0,0,0,19712,258,0,0
70.59477281570435,493,734570,0,0,0,19712,258,0,0
70.64722990989685,504,750960,0,0,0,19712,258,0,0
70.69956493377686,494,736060,0,0,0,19712,258,0,0
70.75268077850342,497,740530,0,0,0,19712,258,0,0
70.8048357963562,502,747980,0,0,0,19712,258,0,0
70.85692882537842,498,742020,0,0,0,19712,258,0,0
70.90909099578857,495,737550,0,0,0,19712,258,0,0
70.96260786056519,494,736060,0,0,0,19712,258,0,0
71.01509499549866,512,762880,0,0,0,19712,258,0,0
71.0677478313446,493,734570,0,0,0,19712,258,0,0
71.12018394470215,500,745000,0,0,0,19712,258,0,0
71.17377591133118,509,758410,0,0,0,19712,258,0,0
71.22705888748169,509,758410,0,0,0,19712,258,0,0
71.27913498878479,498,742020,0,0,0,19712,258,0,0
71.33084177970886,492,733080,0,0,0,19712,258,0,0
71.38244390487671,486,724140,0,0,0,19712,258,0,0
71.43430280685425,497,740530,0,0,0,19712,258,0,0
71.48602294921875,487,725630,0,0,0,19712,258,0,0
71.53886485099792,497,740530,0,0,0,19712,258,0,0
71.59188580513,502,747980,0,0,0,19712,258,0,0
71.64977598190308,547,815030,0,0,0,19712,258,0,0
71.70359086990356,497,740530,0,0,0,19712,258,0,0
71.75535082817078,517,770330,0,0,0,19712,258,0,0
71.80746984481812,493,734570,0,0,0,19712,258,0,0
71.85942387580872,492,733080,0,0,0,19712,258,0,0
71.91252088546753,498,742020,0,0,0,19712,258,0,0
71.9645688533783,506,753940,0,0,0,19712,258,0,0
72.01660180091858,488,727120,0,0,0,19712,258,0,0
72.068443775177,492,733080,0,0,0,19712,258,0,0
72.12038397789001,490,730100,0,0,0,19712,258,0,0
72.17200493812561,495,737550,0,0,0,19712,258,0,0
72.22369480133057,498,742020,0,0,0,19712,258,0,0
72.27623987197876,483,719670,0,0,0,19712,258,0,0
72.33573579788208,503,749470,0,0,0,19712,258,0,0
72.38743090629578,567,844830,0,0,0,19712,258,0,0
72.43901181221008,485,722650,0,0,0,19712,258,0,0
72.49091577529907,494,736060,0,0,0,19712,258,0,0
72.54246187210083,486,724140,0,0,0,19712,258,0,0
72.59442782402039,499,743510,0,0,0,19712,258,0,0
72.64705276489258,493,734570,0,0,0,19712,258,0,0
72.6990659236908,498,742020,0,0,0,19712,258,0,0
72.75107789039612,497,740530,0,0,0,19712,258,0,0
72.80296778678894,493,734570,0,0,0,19712,258,0,0
72.85503792762756,491,731590,0,0,0,19712,258,0,0
72.9069128036499,490,730100,0,0,0,19712,258,0,0
72.95882892608643,501,746490,0,0,0,19712,258,0,0
73.01138997077942,486,724140,0,0,0,19712,258,0,0
73.06308889389038,495,737550,0,0,0,19712,258,0,0
73.11510181427002,493,734570,0,0,0,19712,258,0,0
73.16714692115784,499,743510,0,0,0,19712,258,0,0
73.21915984153748,489,728610,0,0,0,19712,258,0,0
73.27099895477295,497,740530,0,0,0,19712,258,0,0
73.32313585281372,496,739040,0,0,0,19712,258,0,0
73.37671399116516,495,737550,0,0,0,19712,258,0,0
73.4289379119873,505,752450,0,0,0,19712,258,0,0
73.48096895217896,497,740530,0,0,0,19712,258,0,0
73.53297090530396,498,742020,0,0,0,19712,258,0,0
73.58605790138245,498,742020,0,0,0,19712,258,0,0
73.63946294784546,500,745000,0,0,0,19712,258,0,0
73.69202494621277,503,749470,0,0,0,19712,258,0,0
73.74395895004272,500,745000,0,0,0,19712,258,0,0
73.79718899726868,496,739040,0,0,0,19712,258,0,0
73.85082197189331,509,758410,0,0,0,19712,258,0,0
73.90266990661621,500,745000,0,0,0,19712,258,0,0
73.95455193519592,491,731590,0,0,0,19712,258,0,0
74.00649285316467,494,736060,0,0,0,19712,258,0,0
74.05854797363281,496,739040,0,0,0,19712,258,0,0
74.11067485809326,492,733080,0,0,0,19712,258,0,0
74.16384291648865,492,733080,0,0,0,19712,258,0,0
74.21600484848022,512,762880,0,0,0,19712,258,0,0
74.26774096488953,490,730100,0,0,0,19712,258,0,0
74.31940579414368,490,730100,0,0,0,19712,258,0,0
74.37149286270142,497,740530,0,0,0,19712,258,0,0
74.42345881462097,489,728610,0,0,0,19712,258,0,0
74.47540593147278,497,740530,0,0,0,19712,258,0,0
74.52948999404907,492,733080,0,0,0,19712,258,0,0
74.58156085014343,508,756920,0,0,0,19712,258,0,0
74.63355588912964,500,745000,0,0,0,19712,258,0,0
74.68566393852234,497,740530,0,0,0,19712,258,0,0
74.73744082450867,490,730100,0,0,0,19712,258,0,0
74.78944087028503,495,737550,0,0,0,19712,258,0,0
74.84137177467346,493,734570,0,0,0,19712,258,0,0
74.89305782318115,489,728610,0,0,0,19712,258,0,0
74.94599294662476,508,756920,0,0,0,19712,258,0,0
74.99799394607544,492,733080,0,0,0,19712,258,0,0
75.05015897750854,492,733080,0,0,0,19712,258,0,0
75.10339188575745,500,745000,0,0,0,19712,258,0,0
75.15518593788147,499,743510,0,0,0,19712,258,0,0
75.20699095726013,493,734570,0,0,0,19712,258,0,0
75.25910186767578,495,737550,0,0,0,19712,258,0,0
75.31191396713257,494,736060,0,0,0,19712,258,0,0
75.36451578140259,499,743510,0,0,0,19712,258,0,0
75.41766786575317,502,747980,0,0,0,19712,258,0,0
75.47009897232056,507,755430,0,0,0,19712,258,0,0
75.52196979522705,496,739040,0,0,0,19712,258,0,0
75.5739197731018,495,737550,0,0,0,19712,258,0,0
75.6269109249115,491,731590,0,0,0,19712,258,0,0
75.680743932724,497,740530,0,0,0,19712,258,0,0
75.73295593261719,520,774800,0,0,0,19712,258,0,0
75.78506278991699,490,730100,0,0,0,19712,258,0,0
75.83711290359497,492,733080,0,0,0,19712,258,0,0
75.88898992538452,497,740530,0,0,0,19712,258,0,0
75.94097399711609,495,737550,0,0,0,19712,258,0,0
75.99342584609985,495,737550,0,0,0,19712,258,0,0
76.04606986045837,493,734570,0,0,0,19712,258,0,0
76.09784698486328,499,743510,0,0,0,19712,258,0,0
76.14967679977417,490,730100,0,0,0,19712,258,0,0
76.20136380195618,495,737550,0,0,0,19712,258,0,0
76.25401782989502,494,736060,0,0,0,19712,258,0,0
76.30647087097168,496,739040,0,0,0,19712,258,0,0
76.35852479934692,497,740530,0,0,0,19712,258,0,0
76.41141986846924,490,730100,0,0,0,19712,258,0,0
76.46310496330261,512,762880,0,0,0,19712,258,0,0
76.51486682891846,485,722650,0,0,0,19712,258,0,0
76.56655383110046,487,725630,0,0,0,19712,258,0,0
76.61935496330261,498,742020,0,0,0,19712,258,0,0
76.67106986045837,499,743510,0,0,0,19712,258,0,0
76.72294187545776,494,736060,0,0,0,19712,258,0,0
76.77535581588745,487,725630,0,0,0,19712,258,0,0
76.82917499542236,504,750960,0,0,0,19712,258,0,0
76.88102078437805,511,761390,0,0,0,19712,258,0,0
76.93299198150635,491,731590,0,0,0,19712,258,0,0
76.98508095741272,500,745000,0,0,0,19712,258,0,0
77.03699088096619,491,731590,0,0,0,19712,258,0,0
77.0891489982605,490,730100,0,0,0,19712,258,0,0
77.1411337852478,490,730100,0,0,0,19712,258,0,0
77.19407176971436,503,749470,0,0,0,19712,258,0,0
77.24591398239136,497,740530,0,0,0,19712,258,0,0
77.29790592193604,496,739040,0,0,0,19712,258,0,0
77.34984493255615,491,731590,0,0,0,19712,258,0,0
77.40152788162231,487,725630,0,0,0,19712,258,0,0
77.45357894897461,494,736060,0,0,0,19712,258,0,0
77.50638794898987,499,743510,0,0,0,19712,258,0,0
77.56015992164612,506,753940,0,0,0,19712,258,0,0
77.62831997871399,512,762880,0,0,0,19712,258,0,0
77.68117380142212,644,959560,0,0,0,19712,258,0,0
77.73362994194031,502,747980,0,0,0,19712,258,0,0
77.78553795814514,495,737550,0,0,0,19712,258,0,0
77.83755898475647,496,739040,0,0,0,19712,258,0,0
77.88986778259277,490,730100,0,0,0,19712,258,0,0
77.94289183616638,496,739040,0,0,0,19712,258,0,0
77.99507689476013,504,750960,0,0,0,19712,258,0,0
78.04689192771912,499,743510,0,0,0,19712,258,0,0
78.09874391555786,486,724140,0,0,0,19712,258,0,0
78.15059089660645,491,731590,0,0,0,19712,258,0,0
78.20272278785706,501,746490,0,0,0,19712,258,0,0
78.25451898574829,492,733080,0,0,0,19712,258,0,0
78.3085629940033,499,743510,0,0,0,19712,258,0,0
78.36089587211609,512,762880,0,0,0,19712,258,0,0
78.41298699378967,491,731590,0,0,0,19712,258,0,0
78.46506381034851,491,731590,0,0,0,19712,258,0,0
78.51707482337952,497,740530,0,0,0,19712,258,0,0
78.56958484649658,499,743510,0,0,0,19712,258,0,0
78.6218318939209,498,742020,0,0,0,19712,258,0,0
78.67482876777649,494,736060,0,0,0,19712,258,0,0
78.72693085670471,496,739040,0,0,0,19712,258,0,0
78.77896690368652,502,747980,0,0,0,19712,258,0,0
78.8309497833252,490,730100,0,0,0,19712,258,0,0
78.88357186317444,498,742020,0,0,0,19712,258,0,0
78.9360499382019,505,752450,0,0,0,19712,258,0,0
78.98883390426636,497,740530,0,0,0,19712,258,0,0
79.0411307811737,501,746490,0,0,0,19712,258,0,0
79.09499979019165,501,746490,0,0,0,19712,258,0,0
79.1484808921814,509,758410,0,0,0,19712,258,0,0
79.2010338306427,508,756920,0,0,0,19712,258,0,0
79.25314998626709,496,739040,0,0,0,19712,258,0,0
79.30520987510681,491,731590,0,0,0,19712,258,0,0
79.35711789131165,494,736060,0,0,0,19712,258,0,0
79.41006088256836,499,743510,0,0,0,19712,258,0,0
79.46337485313416,497,740530,0,0,0,19712,258,0,0
79.51551294326782,503,749470,0,0,0,19712,258,0,0
79.56965494155884,511,761390,0,0,0,19712,258,0,0
79.62266778945923,506,753940,0,0,0,19712,258,0,0
79.67575287818909,500,745000,0,0,0,19712,258,0,0
79.73003578186035,505,752450,0,0,0,19712,258,0,0
79.78448677062988,531,791190,0,0,0,19712,258,0,0
79.83903193473816,509,758410,0,0,0,19712,258,0,0
79.89236998558044,518,771820,0,0,0,19712,258,0,0
79.94458985328674,500,745000,0,0,0,19712,258,0,0
79.99740481376648,498,742020,0,0,0,19712,258,0,0
80.04946398735046,495,737550,0,0,0,19712,258,0,0
80.1024079322815,379,563287,0,0,0,19712,258,0,0
80.15431189537048,91,135590,0,0,0,19712,258,0,0
80.20861983299255,91,135590,0,0,0,19712,258,0,0
80.26106286048889,97,139169,0,0,0,19712,258,0,0
80.31366896629333,95,135866,0,0,0,19712,258,0,0
80.3665418624878,92,135644,0,0,0,19712,258,0,0
80.41909289360046,91,135590,0,0,0,19712,258,0,0
80.47158288955688,93,138570,0,0,0,19712,258,0,0
80.52486085891724,89,132610,0,0,0,19712,258,0,0
80.57921385765076,91,135590,0,0,0,19712,258,0,0
80.63244581222534,91,135590,0,0,0,19712,258,0,0
80.68540787696838,95,141550,0,0,0,19712,258,0,0
80.73825597763062,90,134100,0,0,0,19712,258,0,0
80.79051899909973,92,137080,0,0,0,19712,258,0,0
80.8425920009613,90,134100,0,0,0,19712,258,0,0
80.89452195167542,89,132610,0,0,0,19712,258,0,0
80.94640588760376,92,137080,0,0,0,19712,258,0,0
80.99974584579468,90,134100,0,0,0,19712,258,0,0
81.05272889137268,87,129630,0,0,0,19712,258,0,0
81.10561490058899,95,141550,0,0,0,19712,258,0,0
81.15822386741638,92,137080,0,0,0,19712,258,0,0
81.20997476577759,88,131120,0,0,0,19712,258,0,0
81.26196885108948,93,138570,0,0,0,19712,258,0,0
81.31420493125916,86,128140,0,0,0,19712,258,0,0
81.36743998527527,91,135590,0,0,0,19712,258,0,0
81.41987895965576,94,140060,0,0,0,19712,258,0,0
81.47265887260437,91,135590,0,0,0,19712,258,0,0
81.52528595924377,91,135590,0,0,0,19712,258,0,0
81.57859587669373,91,135590,0,0,0,19712,258,0,0
81.63233184814453,94,140060,0,0,0,19712,258,0,0
81.68549299240112,89,132610,0,0,0,19712,258,0,0
81.74032783508301,95,141550,0,0,0,19712,258,0,0
81.792484998703,93,138570,0,0,0,19712,258,0,0
81.84460687637329,90,134100,0,0,0,19712,258,0,0
81.89661693572998,86,128140,0,0,0,19712,258,0,0
81.94855380058289,93,138570,0,0,0,19712,258,0,0
82.00054883956909,90,134100,0,0,0,19712,258,0,0
82.05259394645691,89,132610,0,0,0,19712,258,0,0
82.10448479652405,92,137080,0,0,0,19712,258,0,0
82.15760588645935,88,131120,0,0,0,19712,258,0,0
82.20974683761597,91,135590,0,0,0,19712,258,0,0
82.2615327835083,88,131120,0,0,0,19712,258,0,0
82.31355881690979,92,137080,0,0,0,19712,258,0,0
82.3655858039856,89,132610,0,0,0,19712,258,0,0
82.41759395599365,90,134100,0,0,0,19712,258,0,0
82.46976590156555,89,132610,0,0,0,19712,258,0,0
82.52254986763,89,132610,0,0,0,19712,258,0,0
82.57543277740479,93,138570,0,0,0,19712,258,0,0
82.62746095657349,90,134100,0,0,0,19712,258,0,0
82.67955493927002,91,135590,0,0,0,19712,258,0,0
82.73146486282349,91,135590,0,0,0,19712,258,0,0
82.78348898887634,91,135590,0,0,0,19712,258,0,0
82.83555579185486,89,132610,0,0,0,19712,258,0,0
82.88927888870239,89,132610,0,0,0,19712,258,0,0
82.94179391860962,93,138570,0,0,0,19712,258,0,0
82.99373388290405,89,132610,0,0,0,19712,258,0,0
83.04575300216675,90,134100,0,0,0,19712,258,0,0
83.09779095649719,90,134100,0,0,0,19712,258,0,0
83.14954876899719,91,135590,0,0,0,19712,258,0,0
83.20211887359619,89,132610,0,0,0,19712,258,0,0
83.25491499900818,92,137080,0,0,0,19712,258,0,0
83.31710886955261,92,137080,0,0,0,19712,258,0,0
83.36947178840637,106,157940,0,0,0,19712,258,0,0
83.42248797416687,90,134100,0,0,0,19712,258,0,0
83.47446799278259,90,134100,0,0,0,19712,258,0,0
83.52699780464172,92,137080,0,0,0,19712,258,0,0
83.57905697822571,90,134100,0,0,0,19712,258,0,0
83.63267087936401,90,134100,0,0,0,19712,258,0,0
83.68510699272156,92,137080,0,0,0,19712,258,0,0
83.73709082603455,90,134100,0,0,0,19712,258,0,0
83.78961992263794,91,135590,0,0,0,19712,258,0,0
83.84145379066467,89,132610,0,0,0,19712,258,0,0
83.8938307762146,91,135590,0,0,0,19712,258,0,0
83.94596481323242,91,135590,0,0,0,19712,258,0,0
83.99900197982788,91,135590,0,0,0,19712,258,0,0
84.05096578598022,88,131120,0,0,0,19712,258,0,0
84.10303378105164,92,137080,0,0,0,19712,258,0,0
84.15473794937134,90,134100,0,0,0,19712,258,0,0
84.206613779068,87,129630,0,0,0,19712,258,0,0
84.25875091552734,91,135590,0,0,0,19712,258,0,0
84.3111457824707,88,131120,0,0,0,19712,258,0,0
84.36373376846313,93,138570,0,0,0,19712,258,0,0
84.41610789299011,91,135590,0,0,0,19712,258,0,0
84.46853494644165,90,134100,0,0,0,19712,258,0,0
84.5205488204956,89,132610,0,0,0,19712,258,0,0
84.57253384590149,91,135590,0,0,0,19712,258,0,0
84.6244728565216,89,132610,0,0,0,19712,258,0,0
84.67698383331299,87,129630,0,0,0,19712,258,0,0
84.72956895828247,96,143040,0,0,0,19712,258,0,0
84.78249788284302,87,129630,0,0,0,19712,258,0,0
84.83481788635254,95,141550,0,0,0,19712,258,0,0
84.88683986663818,88,131120,0,0,0,19712,258,0,0
84.9389488697052,89,132610,0,0,0,19712,258,0,0
84.99058198928833,91,135590,0,0,0,19712,258,0,0
85.04283595085144,90,134100,0,0,0,19712,258,0,0
85.09492588043213,90,134100,0,0,0,19712,258,0,0
85.14850997924805,91,135590,0,0,0,19712,258,0,0
85.20058298110962,93,138570,0,0,0,19712,258,0,0
85.25325894355774,90,134100,0,0,0,19712,258,0,0
85.30535578727722,90,134100,0,0,0,19712,258,0,0
85.3575689792633,89,132610,0,0,0,19712,258,0,0
85.41036796569824,91,135590,0,0,0,19712,258,0,0
85.46236991882324,89,132610,0,0,0,19712,258,0,0
85.51655697822571,90,134100,0,0,0,19712,258,0,0
85.56864500045776,95,141550,0,0,0,19712,258,0,0
85.62065291404724,91,135590,0,0,0,19712,258,0,0
85.6730477809906,86,128140,0,0,0,19712,258,0,0
85.72614097595215,93,138570,0,0,0,19712,258,0,0
85.77865886688232,90,134100,0,0,0,19712,258,0,0
85.83121585845947,93,138570,0,0,0,19712,258,0,0
85.88391900062561,90,134100,0,0,0,19712,258,0,0
85.93837594985962,95,141550,0,0,0,19712,258,0,0
85.99050498008728,92,137080,0,0,0,19712,258,0,0
86.04240489006042,87,129630,0,0,0,19712,258,0,0
86.09482979774475,89,132610,0,0,0,19712,258,0,0
86.1470398902893,94,140060,0,0,0,19712,258,0,0
86.19893884658813,87,129630,0,0,0,19712,258,0,0
86.25095796585083,91,135590,0,0,0,19712,258,0,0
86.30380177497864,90,134100,0,0,0,19712,258,0,0
86.35554194450378,90,134100,0,0,0,19712,258,0,0
86.40758180618286,92,137080,0,0,0,19712,258,0,0
86.45967888832092,87,129630,0,0,0,19712,258,0,0
86.51214480400085,91,135590,0,0,0,19712,258,0,0
86.56464385986328,92,137080,0,0,0,19712,258,0,0
86.61795687675476,89,132610,0,0,0,19712,258,0,0
86.67147088050842,92,137080,0,0,0,19712,258,0,0
86.72398376464844,94,140060,0,0,0,19712,258,0,0
86.77613091468811,90,134100,0,0,0,19712,258,0,0
86.82800579071045,89,132610,0,0,0,19712,258,0,0
86.88037490844727,90,134100,0,0,0,19712,258,0,0
86.93257999420166,91,135590,0,0,0,19712,258,0,0
86.98467183113098,90,134100,0,0,0,19712,258,0,0
87.03804779052734,91,135590,0,0,0,19712,258,0,0
87.09023380279541,91,135590,0,0,0,19712,258,0,0
87.14253497123718,90,134100,0,0,0,19712,258,0,0
87.19585680961609,92,137080,0,0,0,19712,258,0,0
87.24797677993774,89,132610,0,0,0,19712,258,0,0
87.30097079277039,91,135590,0,0,0,19712,258,0,0
87.35332083702087,92,137080,0,0,0,19712,258,0,0
87.40803384780884,88,131120,0,0,0,19712,258,0,0
87.46082782745361,98,146020,0,0,0,19712,258,0,0
87.51319289207458,89,132610,0,0,0,19712,258,0,0
87.56524777412415,91,135590,0,0,0,19712,258,0,0
87.61740589141846,90,134100,0,0,0,19712,258,0,0
87.66964387893677,88,131120,0,0,0,19712,258,0,0
87.72181797027588,92,137080,0,0,0,19712,258,0,0
87.77443599700928,93,138570,0,0,0,19712,258,0,0
87.82902884483337,88,131120,0,0,0,19712,258,0,0
87.88121485710144,96,143040,0,0,0,19712,258,0,0
87.93355894088745,87,129630,0,0,0,19712,258,0,0
87.98555898666382,92,137080,0,0,0,19712,258,0,0
88.03814578056335,90,134100,0,0,0,19712,258,0,0
88.09098076820374,91,135590,0,0,0,19712,258,0,0
88.1431999206543,93,138570,0,0,0,19712,258,0,0
88.1958429813385,87,129630,0,0,0,19712,258,0,0
88.24749493598938,91,135590,0,0,0,19712,258,0,0
88.30015587806702,88,131120,0,0,0,19712,258,0,0
88.3525059223175,93,138570,0,0,0,19712,258,0,0
88.4045569896698,89,132610,0,0,0,19712,258,0,0
88.45708799362183,89,132610,0,0,0,19712,258,0,0
88.50898790359497,92,137080,0,0,0,19712,258,0,0
88.56225776672363,89,132610,0,0,0,19712,258,0,0
88.62251091003418,94,140060,0,0,0,19712,258,0,0
88.67475199699402,103,153470,0,0,0,19712,258,0,0
88.72653889656067,91,135590,0,0,0,19712,258,0,0
88.77938890457153,89,132610,0,0,0,19712,258,0,0
88.83154082298279,91,135590,0,0,0,19712,258,0,0
88.88391780853271,90,134100,0,0,0,19712,258,0,0
88.93829989433289,90,134100,0,0,0,19712,258,0,0
88.99081587791443,97,144530,0,0,0,19712,258,0,0
89.04306292533875,90,134100,0,0,0,19712,258,0,0
89.09507393836975,88,131120,0,0,0,19712,258,0,0
89.14696288108826,91,135590,0,0,0,19712,258,0,0
89.19940495491028,88,131120,0,0,0,19712,258,0,0
89.25156092643738,91,135590,0,0,0,19712,258,0,0
89.30539798736572,91,135590,0,0,0,19712,258,0,0
89.35746479034424,91,135590,0,0,0,19712,258,0,0
89.41027784347534,89,132610,0,0,0,19712,258,0,0
89.46257996559143,95,141550,0,0,0,19712,258,0,0
89.51489186286926,90,134100,0,0,0,19712,258,0,0
89.56734681129456,88,131120,0,0,0,19712,258,0,0
89.6192557811737,90,134100,0,0,0,19712,258,0,0
89.67286682128906,91,135590,0,0,0,19712,258,0,0
89.72521996498108,94,140060,0,0,0,19712,258,0,0
89.77779984474182,89,132610,0,0,0,19712,258,0,0
89.8300929069519,89,132610,0,0,0,19712,258,0,0
89.88194584846497,92,137080,0,0,0,19712,258,0,0
89.93438482284546,89,132610,0,0,0,19712,258,0,0
89.98663592338562,91,135590,0,0,0,19712,258,0,0
90.03851294517517,90,134100,0,0,0,19712,258,0,0
90.09143590927124,91,135590,0,0,0,19712,258,0,0
90.14352893829346,92,137080,0,0,0,19712,258,0,0
90.19586181640625,87,129630,0,0,0,19712,258,0,0
90.24789881706238,91,135590,0,0,0,19712,258,0,0
90.29956197738647,89,132610,0,0,0,19712,258,0,0
90.35152983665466,91,135590,0,0,0,19712,258,0,0
90.4035439491272,89,132610,0,0,0,19712,258,0,0
90.45631194114685,92,137080,0,0,0,19712,258,0,0
90.50818181037903,89,132610,0,0,0,19712,258,0,0
90.56064486503601,91,135590,0,0,0,19712,258,0,0
90.6124939918518,89,132610,0,0,0,19712,258,0,0
90.66432094573975,90,134100,0,0,0,19712,258,0,0
90.71655488014221,89,132610,0,0,0,19712,258,0,0
90.76862478256226,89,132610,0,0,0,19712,258,0,0
90.82136797904968,91,135590,0,0,0,19712,258,0,0
90.87353587150574,92,137080,0,0,0,19712,258,0,0
90.92595481872559,91,135590,0,0,0,19712,258,0,0
90.97806096076965,87,129630,0,0,0,19712,258,0,0
91.02989196777344,90,134100,0,0,0,19712,258,0,0
91.08199977874756,90,134100,0,0,0,19712,258,0,0
91.1338357925415,90,134100,0,0,0,19712,258,0,0
91.18664598464966,91,135590,0,0,0,19712,258,0,0
91.23871994018555,91,135590,0,0,0,19712,258,0,0
91.29095792770386,91,135590,0,0,0,19712,258,0,0
91.34303092956543,90,134100,0,0,0,19712,258,0,0
91.3948028087616,91,135590,0,0,0,19712,258,0,0
91.44677090644836,88,131120,0,0,0,19712,258,0,0
91.49841785430908,90,134100,0,0,0,19712,258,0,0
91.55191087722778,87,129630,0,0,0,19712,258,0,0
91.60396790504456,94,140060,0,0,0,19712,258,0,0
91.65596389770508,90,134100,0,0,0,19712,258,0,0
91.70896077156067,91,135590,0,0,0,19712,258,0,0
91.76116681098938,92,137080,0,0,0,19712,258,0,0
91.81316494941711,88,131120,0,0,0,19712,258,0,0
91.86523580551147,90,134100,0,0,0,19712,258,0,0
91.91713786125183,89,132610,0,0,0,19712,258,0,0
91.96987986564636,93,138570,0,0,0,19712,258,0,0
92.02168679237366,87,129630,0,0,0,19712,258,0,0
92.07366490364075,89,132610,0,0,0,19712,258,0,0
92.12596487998962,94,140060,0,0,0,19712,258,0,0
92.17831492424011,88,131120,0,0,0,19712,258,0,0
92.23065781593323,88,131120,0,0,0,19712,258,0,0
92.28265190124512,94,140060,0,0,0,19712,258,0,0
92.33524799346924,90,134100,0,0,0,19712,258,0,0
92.38684678077698,88,131120,0,0,0,19712,258,0,0
92.43877077102661,92,137080,0,0,0,19712,258,0,0
92.49026298522949,88,131120,0,0,0,19712,258,0,0
92.54241585731506,90,134100,0,0,0,19712,258,0,0
92.5947527885437,89,132610,0,0,0,19712,258,0,0
92.64648079872131,90,134100,0,0,0,19712,258,0,0
92.69938683509827,90,134100,0,0,0,19712,258,0,0
92.75254988670349,93,138570,0,0,0,19712,258,0,0
92.80457186698914,89,132610,0,0,0,19712,258,0,0
92.85660886764526,89,132610,0,0,0,19712,258,0,0
92.90838289260864,91,135590,0,0,0,19712,258,0,0
92.96059584617615,91,135590,0,0,0,19712,258,0,0
93.01260495185852,89,132610,0,0,0,19712,258,0,0
93.06454086303711,90,134100,0,0,0,19712,258,0,0
93.11781096458435,90,134100,0,0,0,19712,258,0,0
93.17009592056274,91,135590,0,0,0,19712,258,0,0
93.22182488441467,90,134100,0,0,0,19712,258,0,0
93.27392578125,92,137080,0,0,0,19712,258,0,0
93.32625699043274,89,132610,0,0,0,19712,258,0,0
93.378164768219,90,134100,0,0,0,19712,258,0,0
93.43011498451233,91,135590,0,0,0,19712,258,0,0
93.48285579681396,85,126650,0,0,0,19712,258,0,0
93.5342128276825,92,137080,0,0,0,19712,258,0,0
93.5858428478241,87,129630,0,0,0,19712,258,0,0
93.63746190071106,92,137080,0,0,0,19712,258,0,0
93.68928790092468,91,135590,0,0,0,19712,258,0,0
93.74214386940002,89,132610,0,0,0,19712,258,0,0
93.79452991485596,90,134100,0,0,0,19712,258,0,0
93.84742188453674,90,134100,0,0,0,19712,258,0,0
93.89917278289795,93,138570,0,0,0,19712,258,0,0
93.95096683502197,90,134100,0,0,0,19712,258,0,0
94.00312995910645,87,129630,0,0,0,19712,258,0,0
94.05491781234741,90,134100,0,0,0,19712,258,0,0
94.10719680786133,89,132610,0,0,0,19712,258,0,0
94.15901184082031,91,135590,0,0,0,19712,258,0,0
94.21203279495239,91,135590,0,0,0,19712,258,0,0
94.27189087867737,89,132610,0,0,0,19712,258,0,0
94.32393193244934,104,154960,0,0,0,19712,258,0,0
94.376384973526,93,138570,0,0,0,19712,258,0,0
94.4284188747406,87,129630,0,0,0,19712,258,0,0
94.48059678077698,91,135590,0,0,0,19712,258,0,0
94.53258395195007,92,137080,0,0,0,19712,258,0,0
94.58538293838501,89,132610,0,0,0,19712,258,0,0
94.63762378692627,89,132610,0,0,0,19712,258,0,0
94.68958592414856,90,134100,0,0,0,19712,258,0,0
94.74208688735962,91,135590,0,0,0,19712,258,0,0
94.79464292526245,91,135590,0,0,0,19712,258,0,0
94.84656691551208,89,132610,0,0,0,19712,258,0,0
94.89861989021301,90,134100,0,0,0,19712,258,0,0
94.95151090621948,92,137080,0,0,0,19712,258,0,0
95.00436782836914,89,132610,0,0,0,19712,258,0,0
95.05653381347656,92,137080,0,0,0,19712,258,0,0
95.10860586166382,90,134100,0,0,0,19712,258,0,0
95.16048097610474,90,134100,0,0,0,19712,258,0,0
95.21234488487244,90,134100,0,0,0,19712,258,0,0
95.26431894302368,89,132610,0,0,0,19712,258,0,0
95.31723690032959,91,135590,0,0,0,19712,258,0,0
95.36878180503845,90,134100,0,0,0,19712,258,0,0
95.42040276527405,88,131120,0,0,0,19712,258,0,0
95.47191286087036,91,135590,0,0,0,19712,258,0,0
95.52378296852112,91,135590,0,0,0,19712,258,0,0
95.57542085647583,86,128140,0,0,0,19712,258,0,0
95.62702298164368,90,134100,0,0,0,19712,258,0,0
95.67910099029541,91,135590,0,0,0,19712,258,0,0
95.7326397895813,89,132610,0,0,0,19712,258,0,0
95.78626990318298,94,140060,0,0,0,19712,258,0,0
95.83838677406311,91,135590,0,0,0,19712,258,0,0
95.88992285728455,88,131120,0,0,0,19712,258,0,0
95.94178485870361,91,135590,0,0,0,19712,258,0,0
95.99374198913574,89,132610,0,0,0,19712,258,0,0
96.04550290107727,89,132610,0,0,0,19712,258,0,0
96.09813499450684,91,135590,0,0,0,19712,258,0,0
96.15008497238159,90,134100,0,0,0,19712,258,0,0
96.2018768787384,89,132610,0,0,0,19712,258,0,0
96.25335693359375,89,132610,0,0,0,19712,258,0,0
96.3053047657013,88,131120,0,0,0,19712,258,0,0
96.35738682746887,92,137080,0,0,0,19712,258,0,0
96.4092788696289,89,132610,0,0,0,19712,258,0,0
96.46168494224548,89,132610,0,0,0,19712,258,0,0
96.51329684257507,91,135590,0,0,0,19712,258,0,0
96.56499981880188,90,134100,0,0,0,19712,258,0,0
96.61705088615417,88,131120,0,0,0,19712,258,0,0
96.6689178943634,89,132610,0,0,0,19712,258,0,0
96.721186876297,92,137080,0,0,0,19712,258,0,0
96.7735948562622,90,134100,0,0,0,19712,258,0,0
96.82534289360046,89,132610,0,0,0,19712,258,0,0
96.87793183326721,93,138570,0,0,0,19712,258,0,0
96.93104887008667,89,132610,0,0,0,19712,258,0,0
96.98305487632751,93,138570,0,0,0,19712,258,0,0
97.03555583953857,90,134100,0,0,0,19712,258,0,0
97.08753895759583,89,132610,0,0,0,19712,258,0,0
97.13970184326172,90,134100,0,0,0,19712,258,0,0
97.19203281402588,89,132610,0,0,0,19712,258,0,0
97.24592590332031,93,138570,0,0,0,19712,258,0,0
97.29805588722229,89,132610,0,0,0,19712,258,0,0
97.34989976882935,92,137080,0,0,0,19712,258,0,0
97.40159487724304,88,131120,0,0,0,19712,258,0,0
97.45338892936707,91,135590,0,0,0,19712,258,0,0
97.50537395477295,89,132610,0,0,0,19712,258,0,0
97.5574197769165,89,132610,0,0,0,19712,258,0,0
97.6110827922821,92,137080,0,0,0,19712,258,0,0
97.66356778144836,94,140060,0,0,0,19712,258,0,0
97.7162230014801,88,131120,0,0,0,19712,258,0,0
97.77027297019958,90,134100,0,0,0,19712,258,0,0
97.82401490211487,96,143040,0,0,0,19712,258,0,0
97.87785482406616,93,138570,0,0,0,19712,258,0,0
97.93176579475403,93,138570,0,0,0,19712,258,0,0
97.98537182807922,92,137080,0,0,0,19712,258,0,0
98.03806281089783,92,137080,0,0,0,19712,258,0,0
98.09039282798767,90,134100,0,0,0,19712,258,0,0
98.1425359249115,90,134100,0,0,0,19712,258,0,0
98.19441485404968,91,135590,0,0,0,19712,258,0,0
98.2465169429779,86,128140,0,0,0,19712,258,0,0
98.29929494857788,93,138570,0,0,0,19712,258,0,0
98.35365295410156,93,138570,0,0,0,19712,258,0,0
98.40584993362427,92,137080,0,0,0,19712,258,0,0
98.45912289619446,92,137080,0,0,0,19712,258,0,0
98.51142883300781,92,137080,0,0,0,19712,258,0,0
98.56393194198608,89,132610,0,0,0,19712,258,0,0
98.61615180969238,90,134100,0,0,0,19712,258,0,0
98.66783785820007,92,137080,0,0,0,19712,258,0,0
98.71987295150757,89,132610,0,0,0,19712,258,0,0
98.77366876602173,88,131120,0,0,0,19712,258,0,0
98.82546591758728,95,141550,0,0,0,19712,258,0,0
98.87741279602051,88,131120,0,0,0,19712,258,0,0
98.92944478988647,90,134100,0,0,0,19712,258,0,0
98.98204898834229,90,134100,0,0,0,19712,258,0,0
99.03395485877991,90,134100,0,0,0,19712,258,0,0
99.08601880073547,90,134100,0,0,0,19712,258,0,0
99.13907980918884,89,132610,0,0,0,19712,258,0,0
99.19234085083008,93,138570,0,0,0,19712,258,0,0
99.24521684646606,93,138570,0,0,0,19712,258,0,0
99.2974967956543,92,137080,0,0,0,19712,258,0,0
99.34962296485901,89,132610,0,0,0,19712,258,0,0
99.4027099609375,89,132610,0,0,0,19712,258,0,0
99.45568990707397,92,137080,0,0,0,19712,258,0,0
99.50899887084961,93,138570,0,0,0,19712,258,0,0
99.57307195663452,90,134100,0,0,0,19712,258,0,0
99.62563490867615,110,163900,0,0,0,19712,258,0,0
99.67793583869934,93,138570,0,0,0,19712,258,0,0
99.730623960495,90,134100,0,0,0,19712,258,0,0
99.7825448513031,89,132610,0,0,0,19712,258,0,0
99.83514881134033,92,137080,0,0,0,19712,258,0,0
99.88824081420898,88,131120,0,0,0,19712,258,0,0
